"","...1","Beeid","ID","Headwidth","Notes.x","date_measured","id_intocc_measurer","id","bed","date","time","tx","tx_time","tx_observer","timespan_tx","end_date","died_date","last_time_check_.alive.","time_checked_.found_dead.","still_twitching","not_twitching","curled_abdomen","notes.x","monthly_notes","Emerg_ID","initials.of.person.dissecting","date.dissected","dufours.length","left.oocyte","left.trophocyte","left.resorbing.oocyte","left.resorbing.trophocyte","right.oocyte","right.trophocyte","right.resorbing.oocyte","right.resorbing.trophocyte","All.info.entered...y.n.","notes.y","BeeID","RNA_time","Initials..RNA.LaterICE.incubator","Date_Dissected","Time_Start","Time_End","Initals..Dissector","Notes.y","better_dates","days_since_start_dissect","date.froze.better","days_sincestart_wash","colonyID","max_nonr","max_resorb","max_both_nonr_resorb","ecoli","fat_percentage","left.resorb.egg.chamb","right.resorb.egg.chamb","left.percentage.resorbing","right.percentage.resorbing","max_percentage_resorbing","max_stage","left.egg.chamb","right.egg.chamb","left.percentage","right.percentage","max_percentage_nonr","max_stage_nonr"
"1",55,"H01.18023","H01.18023",2.315,NA,"12.20.18","KH","H01.18023","henry","6/11/18",12:49:00,"9",13:50:00,"KH","10","6/21/18",NA,NA,NA,NA,NA,NA,"changed trt from 12->9 on 6/19",NA,"H01.18023","AF","1-Aug",5.907,0.808,0.845,2.767,0.376,1.454,0.961,NA,0,"Y",NA,"H01.18023",05:00:00,"AF 7/31/18","1-Aug","11:47","12:18","AF","Dufours got ripped in the middle. L ovarial reabsorbing. R ovarial reabsorbing spots.","8/1/18",77,"6/11/18",10,"H01",1.454,NA,1.454,"E. coli","0.425531915",3.143,NA,0.880369074132994,NA,0.880369074132994,"4r",1.653,2.415,0.488808227465215,0.602070393374741,0.602070393374741,"4"
"2",65,"H01.18037","H01.18037",2.509,NA,"12.20.18","KH","H01.18037","henry","6/12/18",14:50:00,"7",17:35:00,"KH","10","6/22/18",NA,NA,NA,NA,NA,NA,"mostly awake awake treated, cleaned cage on 6/19, changed trt from 10->7 on 6/21",NA,"H01.18037","AF","1-Aug",4.316,0.678,0.358,2.836,0.261,1.289,0.739,NA,0,"Y","(resolved AF/KH) don't have measurments for L oocyte / trophocyte","H01.18037",05:00:00,"AF 7/31/18","1-Aug","11:09","11:44","AF","L ovarial oocyte is reabsorbing. R ovarial reabsorbing spots.","8/1/18",77,"6/12/18",11,"H01",1.289,NA,1.289,"Control","0.423076923",3.097,NA,0.915724895059735,NA,0.915724895059735,"4r",1.036,2.028,0.654440154440154,0.63560157790927,0.654440154440154,"4"
"3",94,"H02.18005","H02.18005",2.552,NA,"12.20.18","KH","H02.18005","henry","6/7/18",13:10:00,"3",14:50:00,"KH","1","6/8/18",NA,NA,NA,NA,NA,NA,NA,NA,"H02.18005","AF","1-Aug",3.259,0.496,0.581,NA,0,0.808,0.816,NA,0,"Y",NA,"H02.18005",05:00:00,"AF 7/31/18","1-Aug","1:02","1:27","AF","Comparitivly smaller ovaries and dufours than other bees.","8/1/18",77,"6/7/18",6,"H02",0.808,NA,0.808,"E. coli","0.495145631",NA,NA,NA,NA,NA,"3",1.077,1.624,0.460538532961931,0.497536945812808,0.497536945812808,"3"
"4",102,"H02.18020","H02.18020",2.501,NA,"12.20.18","KH","H02.18020","henry","6/13/18",13:47:00,"8",15:18:00,"KH","10","6/23/18",NA,NA,NA,NA,NA,NA,"changed trt from 11->8 on 6/19",NA,"H02.18020","AF","1-Aug",4.781,0.577,0.73,1.829,0.87,0.733,0.906,2.799,0.442,"Y","(resolved AF/KH) resorbing on back L trophocyte. not clear R ovary","H02.18020",05:00:00,"AF 7/31/18","1-Aug","12:30","12:55","AF","Both ovarials reabsorbing. L ovarial slight tear.","8/1/18",77,"6/13/18",12,"H02",0.733,2.799,2.799,"Ringers","0.64516129",2.699,3.241,0.677658391997036,0.863622338784326,0.863622338784326,"4r",1.307,1.639,0.441469013006886,0.447223917022575,0.447223917022575,"1_2"
"5",6,"A07.18013","A07.18013",2.348,NA,"12.20.18","KH","A07.18013","anderson","6/6/18",12:24:00,"11",14:22:00,"KH","20","6/26/18",NA,NA,NA,NA,NA,NA,NA,NA,"A07.18013","AF","2-Aug",6.001,0.273,0.454,2.704,0,0.361,0.339,1.564,1.004,"Y","(resolved AF/KH) can't tell L resorbing oocyte from trophocyte","A07.18013",04:45:00,"AF 8/1/18","2-Aug","11:17","11:43","AF","Smashed L ovarial in half when taking off turgites. Reabsorbing spots on both ovarials.","8/2/18",78,"6/6/18",5,"A07",0.361,1.564,1.564,"Ringers","0.25974026",2.704,2.568,1,0.609034267912773,1,"5r",0.727,0.7,0.375515818431912,0.515714285714286,0.515714285714286,"3"
"6",18,"A07.18025","A07.18025",2.382,NA,"12.20.18","KH","A07.18025","anderson","6/8/18",11:16:00,"2",14:02:00,"KH","1","6/9/18",NA,NA,NA,NA,NA,NA,NA,NA,"A07.18025","AF","2-Aug",3.632,0.671,0.704,NA,0,0.42,0.687,NA,0,"Y",NA,"A07.18025",04:45:00,"AF 8/1/18","2-Aug","11:47","12:12","AF","Smashed dufours and part of stomach w/ forceps. Accidently pinched them. No reabsorbtion.","8/2/18",78,"6/8/18",7,"A07",0.671,NA,0.671,"Ringers","0.404040404",NA,NA,NA,NA,NA,"3",1.375,1.107,0.488,0.37940379403794,0.488,"3"
"7",33,"H01.18002","H01.18002",2.363,NA,"12.20.18","KH","H01.18002","henry","6/5/18",13:00:00,"10",15:46:00,"KH","20","6/25/18",NA,NA,NA,NA,NA,NA,"changed name","6/5/2018-i was just learning how to use new syringe tips, seems like I might not have been injecting fluid due to breaking water column. That happens when you switch syringe tips.","H01.18002","AF","2-Aug",5.491,0.628,0.722,2.892,0,1.398,0.927,NA,0,"Y","(resolved AF/KH) can't tell trophocytes","H01.18002",04:45:00,"AF 8/1/18","2-Aug","12:19","12:42","AF","Reabsorbing spots and slight yellowish tinge.","8/2/18",78,"6/5/18",4,"H01",1.398,NA,1.398,"Control","0.333333333",2.892,NA,1,NA,1,"5r",1.35,2.325,0.465185185185185,0.601290322580645,0.601290322580645,"4"
"8",84,"H01.18063","H01.18063",2.363,NA,"12.20.18","KH","H01.18063","henry","6/15/18",15:28:00,"5",16:18:00,"kh","5","6/20/18",NA,NA,NA,NA,NA,NA,"changed trt from 11->5 on 6/19",NA,"H01.18063","AF","2-Aug",5.269,0.598,0.932,NA,0,0.859,0.747,NA,0,"Y",NA,"H01.18063",04:45:00,"AF 8/1/18","2-Aug","10:47","11:12","AF","No reabsorbtion","8/2/18",78,"6/15/18",14,"H01",0.859,NA,0.859,"Ringers","0.229885057",NA,NA,NA,NA,NA,"3",1.53,1.606,0.390849673202614,0.534869240348692,0.534869240348692,"3"
"9",36,"H01.18006","H01.18006",2.469,NA,"12.20.18","KH","H01.18006","henry","6/7/18",13:02:00,"11",14:10:00,"KH","20","6/27/18",NA,NA,NA,NA,NA,NA,NA,NA,"H01.18006","AF","8-Aug",5.669,0.533,0.8,2.283,1.117,0.916,0.925,2.895,0,"Y","(resolved AF/KH) can't tell R trophocyte","H01.18006",04:30:00,"AF 8/7/18","8-Aug","11:50","12:24","AF","Reabsorbing on both ovaries. Not sure if the R ovary has reabsorbing oocyte or trophocyte.","8/8/18",84,"6/7/18",6,"H01",0.916,2.895,2.895,"Ringers","0.375",3.4,2.895,0.671470588235294,1,1,"5r",1.333,1.841,0.399849962490623,0.497555676262901,0.497555676262901,"3"
"10",37,"H01.18006","H01.18006",2.469,NA,"12.20.18","KH","H01.18006","henry","6/7/18",13:02:00,"11",14:10:00,"KH","20","6/27/18",NA,NA,NA,NA,NA,NA,NA,NA,"H01.18006","AF","8-Aug",5.669,0.533,0.8,2.283,1.117,0.916,0.925,2.895,0,"Y","(resolved AF/KH) can't tell R trophocyte","H01.18006",04:30:00,"AF 8/7/18","8-Aug","11:50","12:24","AF","Reabsorbing on both ovaries. Not sure if the R ovary has reabsorbing oocyte or trophocyte.","8/8/18",84,"6/7/18",6,"H01",0.916,2.895,2.895,"Ringers","0.375",3.4,2.895,0.671470588235294,1,1,"5r",1.333,1.841,0.399849962490623,0.497555676262901,0.497555676262901,"3"
"11",56,"H01.18024","H01.18024",2.403,NA,"12.20.18","KH","H01.18024","henry","6/11/18",12:45:00,"7",14:04:00,"KH","10","6/21/18",NA,NA,NA,NA,NA,NA,"changed trt from 10->7 on 6/19",NA,"H01.18024","AF","8-Aug",5.05,0.822,0.826,2.167,0,0.487,0.659,1.595,0.778,"Y",NA,"H01.18024",04:30:00,"AF 8/7/18","8-Aug","12:31","12:57","AF","Dufours grew backwards in this bee. Reabsorbing ovaries L & R.","8/8/18",84,"6/11/18",10,"H01",0.822,1.595,1.595,"Control","0.393939394",2.167,2.373,1,0.672144964180362,1,"5r",1.648,1.146,0.49878640776699,0.424956369982548,0.49878640776699,"3"
"12",57,"H01.18025","H01.18025",2.415,NA,"12.20.18","KH","H01.18025","henry","6/11/18",12:51:00,"10",14:19:00,"KH","20","7/1/18",NA,NA,NA,NA,NA,NA,NA,NA,"H01.18025","AF","8-Aug",4.662,0.592,0.748,1.893,0.844,0.712,0.761,2.637,0.177,"Y","(resolved AF/KH) can't tell R trophocyte","H01.18025",04:30:00,"AF 8/7/18","8-Aug","1:02","1:28","AF","After time. Finished after 12:30. Reabsorbing.","8/8/18",84,"6/11/18",10,"H01",0.712,2.637,2.637,"Control","0.361111111",2.737,2.814,0.691633175009134,0.937100213219616,0.937100213219616,"4r",1.34,1.473,0.441791044776119,0.48336727766463,0.48336727766463,"3"
"13",71,"H01.18043","H01.18043",2.517,NA,"12.20.18","KH","H01.18043","henry","6/12/18",14:50:00,"3",18:00:00,"KH","1","6/13/18",NA,NA,NA,NA,NA,NA,NA,NA,"H01.18043","AF","10-Aug",4.305,0.668,0.744,NA,0,0.362,0.67,NA,0,"Y",NA,"H01.18043",02:30:00,"AF 8/9/18","10-Aug","8:31","8:57","AF","No reabsorbing. L ovary missing some ovarials.","8/10/18",86,"6/12/18",11,"H01",0.668,NA,0.668,"E. coli","0.584158416",NA,NA,NA,NA,NA,"3",1.412,1.032,0.473087818696884,0.35077519379845,0.473087818696884,"3"
"14",73,"H01.18045","H01.18045",2.449,NA,"12.20.18","KH","H01.18045","henry","6/12/18",14:50:00,"8",18:12:00,"KH","10","6/22/18",NA,NA,NA,NA,NA,NA,NA,NA,"H01.18045","AF","10-Aug",5.207,0.544,0.723,2.059,0.695,1.036,0.858,1.116,0.563,"Y","check R resorbing measurements","H01.18045",02:30:00,"AF 8/9/18","10-Aug","9:33","9:59","AF","Reabsorbing oocytes both sides.","8/10/18",86,"6/12/18",11,"H01",1.036,1.116,1.116,"Ringers","0.16091954",2.754,1.679,0.747639796659405,0.664681357951161,0.747639796659405,"4r",1.267,1.894,0.429360694554065,0.546990496304118,0.546990496304118,"3"
"15",90,"H01.18086","H01.18086",2.432,NA,"12.20.18","KH","H01.18086","henry","6/21/18",13:01:00,"2",13:57:00,"kh","1","6/22/18",NA,NA,NA,NA,NA,NA,NA,NA,"H01.18086","AF","10-Aug",4.13,0.716,0.475,NA,0,0.365,0.639,NA,0,"Y",NA,"H01.18086",02:30:00,"AF 8/9/18","10-Aug","9:04","9:28","AF","No reabsorbing.","8/10/18",86,"6/21/18",20,"H01",0.716,NA,0.716,"Ringers","0.514851485",NA,NA,NA,NA,NA,"4",1.191,1.004,0.601175482787573,0.363545816733068,0.601175482787573,"4"
"16",64,"H01.18035","H01.18035",2.588,NA,"12.20.18","KH","H01.18035","henry","6/12/18",14:50:00,"8",17:32:00,"KH","10","6/22/18",NA,NA,NA,NA,NA,NA,"something came out with injection",NA,"H01.18035","AF","14-Aug",6.151,NA,NA,1.893,0,0.802,0.683,1.132,0,"Y","check L ovary measurements","H01.18035",04:20:00,"AF 8/13/18","14-Aug","11:04","11:31","AF","Ovaries were all broken up and destroyed. Did my best to measure them. Reabsorbing ovarials.","8/14/18",90,"6/12/18",11,"H01",0.802,1.132,1.132,"Ringers","0.613207547",1.893,1.132,1,1,1,"5r",NA,1.485,NA,0.54006734006734,0.54006734006734,"3"
"17",70,"H01.18042","H01.18042",2.489,NA,"12.20.18","KH","H01.18042","henry","6/12/18",14:50:00,"8",17:57:00,"KH","10","6/22/18",NA,NA,NA,NA,NA,NA,"changed trt from 11->8 on 6/19",NA,"H01.18042","AF","14-Aug",5.237,0.69,0.751,3.164,0,1.419,0.805,NA,0,"Y",NA,"H01.18042",04:20:00,"AF 8/13/18","14-Aug","11:39","12:04","AF","Reabsorbing L ovary; no reabsorbing in R ovary.","8/14/18",90,"6/12/18",11,"H01",1.419,NA,1.419,"Ringers","0.504347826",3.164,NA,1,NA,1,"5r",1.441,2.224,0.47883414295628,0.638039568345324,0.638039568345324,"4"
"18",2,"A07.18008","A07.18008",2.466,NA,"12.20.18","KH","A07.18008","anderson","6/5/18",13:00:00,"12",16:10:00,"KH","20","6/25/18",NA,NA,NA,NA,NA,NA,NA,NA,"A07.18008","AF","15-Aug",6.021,0.43,0.754,1.703,0.805,0.853,0.415,2.844,0,"Y","(resolved AF/KH) maybe L ovary not resorbing (yes)","A07.18008",04:30:00,"AF 8/14/18","15-Aug","11:38","12:02","AF","Reabsorbing L & R ovaries","8/15/18",91,"6/5/18",4,"A07",0.853,2.844,2.844,"E. coli","0.44047619",2.508,2.844,0.67902711323764,1,1,"5r",1.184,1.268,0.363175675675676,0.672712933753943,0.672712933753943,"4"
"19",14,"A07.18021","A07.18021",2.309,NA,"12.20.18","KH","A07.18021","anderson","6/7/18",12:15:00,"12",14:36:00,"KH","20","6/27/18",NA,NA,NA,NA,NA,NA,NA,NA,"A07.18021","AF","15-Aug",5.961,0.346,0.467,1.512,0.837,0.614,0.841,3.736,0,"Y","check R resorbing measurements","A07.18021",04:30:00,"AF 8/14/18","15-Aug","12:08","12:28","AF","Reabsorbing L & R ovaries. Top of ovary (R) fell off.","8/15/18",91,"6/7/18",6,"A07",0.614,3.736,3.736,"E. coli","0.474226804",2.349,3.736,0.64367816091954,1,1,"5r",0.813,1.455,0.425584255842558,0.421993127147766,0.425584255842558,"1_2"
"20",115,"H03.18004","H03.18004",2.382,NA,"12.20.18","KH","H03.18004","henry","6/5/18",13:00:00,"12",16:30:00,"KH","20","6/25/18",NA,NA,NA,NA,NA,NA,NA,NA,"H03.18004","AF","15-Aug",5.297,1.005,0.291,2.384,0.947,0.584,0.723,2.368,0,"Y",NA,"H03.18004",04:30:00,"AF 8/14/18","15-Aug","11:05","11:31","AF","Reabsorbing on L ovary only goes up halfway. Top two measurments are the terminal oocyte. Reabsorbing on R too.","8/15/18",91,"6/5/18",4,"H03",1.005,2.368,2.368,"E. coli","0.558139535",3.331,2.368,0.715700990693485,1,1,"5r",1.296,1.307,0.775462962962963,0.446824789594491,0.775462962962963,"4"
"21",125,"H08.18002","H08.18002",2.577,NA,"12.20.18","KH","H08.18002","henry","6/5/18",13:00:00,"10",16:28:00,"KH","20","6/25/18",NA,NA,NA,NA,NA,NA,NA,NA,"H08.18002","AF","15-Aug",7.178,0.552,0.67,2.984,0,1.177,1.053,2.728,0,"Y","check resorbing measurements L & R","H08.18002",04:30:00,"AF 8/14/18","15-Aug","10:29","10:59","AF","Reabsorbing L & R ovaries","8/15/18",91,"6/5/18",4,"H08",1.177,2.728,2.728,"Control","0.625",2.984,2.728,1,1,1,"5r",1.222,2.23,0.451718494271686,0.52780269058296,0.52780269058296,"3"
"22",35,"H01.18004","H01.18004",2.381,NA,"12.20.18","KH","H01.18004","henry","6/6/18",12:50:00,"10",15:16:00,"KH","20","6/26/18",NA,NA,NA,NA,NA,NA,NA,NA,"H01.18004","AF","16-Aug",5.693,0.539,0.597,3.29,0,1.1,0.807,2.714,0,"Y",NA,"H01.18004",04:30:00,"AF 8/15/18","16-Aug","11:07","11:34","AF","Reabsorbing L & R ovaries","8/16/18",92,"6/6/18",5,"H01",1.1,2.714,2.714,"Control","0.375",3.29,2.714,1,1,1,"5r",1.136,1.907,0.474471830985915,0.576822233875197,0.576822233875197,"4"
"23",81,"H01.18058","H01.18058",2.433,NA,"12.20.18","KH","H01.18058","henry","6/15/18",13:52:00,"12",15:30:00,"kh","20","7/5/18",NA,NA,NA,NA,NA,NA,NA,NA,"H01.18058","AF","16-Aug",5.034,1.079,0.772,1.155,0.68,0.617,0.693,2.807,0,"Y","check L ovary measurements","H01.18058",04:30:00,"AF 8/15/18","16-Aug","10:34","10:59","AF","Reabsorbing L & R ovaries","8/16/18",92,"6/15/18",14,"H01",1.079,2.807,2.807,"E. coli","0.616161616",1.835,2.807,0.629427792915531,1,1,"5r",1.851,1.31,0.582928146947596,0.470992366412214,0.582928146947596,"4"
"24",54,"H01.18022","H01.18022",2.449,NA,"12.20.18","KH","H01.18022","henry","6/11/18",12:45:00,"9",13:45:00,"KH","10","6/21/18",NA,NA,NA,NA,NA,NA,"changed trt from 12->9 on 6/19",NA,"H01.18022","AF","17-Aug",4.47,1.041,0.691,2.711,0,0.566,0.67,1.886,0.996,"Y",NA,"H01.18022",03:30:00,"AF 8/16/18","17-Aug","10:47","11:13","AF","Reabsorbing L & R ovaries","8/17/18",93,"6/11/18",10,"H01",1.041,1.886,1.886,"E. coli","0.333333333",2.711,2.882,1,0.65440666204025,1,"5r",1.732,1.236,0.601039260969977,0.457928802588997,0.601039260969977,"4"
"25",140,"H20.18001","H20.18001",2.381,NA,"12.20.18","KH","H20.18001","henry","6/11/18",14:10:00,"11",17:25:00,"KH","20","7/2/18",NA,NA,NA,NA,NA,NA,NA,NA,"H20.18001","AF","17-Aug",6.036,0.829,0.803,2.286,0.165,0.457,0.719,2.306,0.46,"Y",NA,"H20.18001",03:30:00,"AF 8/16/18","17-Aug","10:16","10:40","AF","Reabsorbing L & R ovaries","8/17/18",93,"6/11/18",10,"H20",0.829,2.306,2.306,"Ringers","0.376237624",2.451,2.766,0.932680538555692,0.833694866232827,0.932680538555692,"4r",1.632,1.176,0.50796568627451,0.388605442176871,0.50796568627451,"3"
"26",146,"H24.18005","H24.18005",2.365,NA,"12.20.18","KH","H24.18005","henry","6/11/18",12:58:00,"8",14:30:00,"KH","10","6/21/18",NA,NA,NA,NA,NA,NA,"changed trt from 11->8 on 6/19",NA,"H24.18005","AF","17-Aug",4.879,1.538,0.762,2.159,0.297,1.29,0.607,NA,0,"Y",NA,"H24.18005",03:30:00,"AF 8/16/18","17-Aug","11:19","11:43","AF","Reabsorbing L & R ovaries","8/17/18",93,"6/11/18",10,"H24",1.538,NA,1.538,"Ringers","0.324324324",2.456,NA,0.879071661237785,NA,0.879071661237785,"4r",2.3,1.897,0.668695652173913,0.680021085925145,0.680021085925145,"4"
"27",75,"H01.18047","H01.18047",2.521,NA,"12.20.18","KH","H01.18047","henry","6/12/18",14:50:00,"1",18:19:00,"KH","1","6/13/18",NA,NA,NA,NA,NA,NA,NA,NA,"H01.18047","AF","21-Aug",4.317,0.27,0.452,NA,0,0.249,0.489,NA,0,"Y",NA,"H01.18047",04:45:00,"AF 8/20/18","21-Aug","11:16","11:43","AF","Very small ovaries. No reabsorbing","8/21/18",97,"6/12/18",11,"H01",0.27,NA,0.27,"Control","0.391752577",NA,NA,NA,NA,NA,"1_2",0.722,0.738,0.373961218836565,0.33739837398374,0.373961218836565,"1_2"
"28",87,"H01.18072","H01.18072",2.484,NA,"12.20.18","KH","H01.18072","henry","6/16/18",13:45:00,"8",15:03:00,"kh","10","6/26/18",NA,NA,NA,NA,NA,NA,NA,NA,"H01.18072","AF","21-Aug",4.83,0.93,0.789,1.695,0,0.506,0.682,2.623,0.387,"Y","check R resorbing measurements","H01.18072",04:45:00,"AF 8/20/18","21-Aug","12:39","1:05","AF","Reabsorbing L & R ovaries","8/21/18",97,"6/16/18",15,"H01",0.93,2.623,2.623,"Ringers","0.261682243",1.695,3.01,1,0.871428571428571,1,"5r",1.719,1.188,0.541012216404887,0.425925925925926,0.541012216404887,"3"
"29",76,"H01.18052","H01.18052",2.485,NA,"12.20.18","KH","H01.18052","henry","6/13/18",13:41:00,"8",15:26:00,"KH","10","6/23/18",NA,NA,NA,NA,NA,NA,"changed trt from 11->8 on 6/21",NA,"H01.18052","AF","22-Aug",4.491,0.762,NA,2.335,0,1.094,0.355,NA,0,"Y","check this one","H01.18052",04:30:00,"AF 8/21/18","22-Aug","10:38","11:00","AF","Reabsorbing L ovary; spots on the R ovary. Top of ovaries got diced up.","8/22/18",98,"6/13/18",12,"H01",1.094,NA,1.094,"Ringers","0.360824742",2.335,NA,1,NA,1,"5r",NA,1.449,NA,0.755003450655625,0.755003450655625,"4"
"30",100,"H02.18014.2","H02.18014.2",2.49,NA,"12.20.18","KH","H02.18014.2","henry","6/11/18",14:39:00,"9",16:42:00,"KH","10","6/21/18",NA,NA,NA,NA,NA,NA,NA,NA,"H02.18014.2","AF","22-Aug",4.723,0.533,0.67,1.608,0.866,0.9,0.809,2.153,1.273,"Y",NA,"H02.18014.2",04:30:00,"AF 8/21/18","22-Aug","12:12","12:39","AF","Full crop. Really cool picture. Reabsorbing L & R ovaries yellow tinge, no spots on ovaries","8/22/18",98,"6/11/18",10,"H02",0.9,2.153,2.153,"E. coli","0.47311828",2.474,3.426,0.649959579628133,0.628429655575015,0.649959579628133,"4r",1.203,1.709,0.443059019118869,0.526623756582797,0.526623756582797,"3"
"31",141,"H23.18001","H23.18001",2.299,NA,"12.20.18","KH","H23.18001","henry","6/9/18",11:40:00,"11",13:30:00,"KH","20","6/30/18",NA,NA,NA,NA,NA,NA,NA,NA,"H23.18001","AF","22-Aug",5.851,0.463,0.578,2.948,0,0.778,0.845,NA,0,"Y","check R ovary measurements","H23.18001",04:30:00,"AF 8/21/18","22-Aug","11:05","11:28","AF","Reabsorbing L & R ovaries. R ovary is almost non-existant b/c so much reabsorbing its falling apart.","8/22/18",98,"6/9/18",8,"H23",0.778,NA,0.778,"Ringers","0.391304348",2.948,NA,1,NA,1,"5r",1.041,1.623,0.4447646493756,0.47935921133703,0.47935921133703,"3"
"32",19,"A17.18001","A17.18001",2.45,NA,"12.20.18","KH","A17.18001","anderson","6/6/18",12:32:00,"11",14:32:00,"KH","20","6/26/18",NA,NA,NA,NA,NA,NA,NA,NA,"A17.18001","AF","23-Aug",5.275,0.805,0.772,2.422,0,0.41,0.645,1.85,1.022,"Y","(resolved AF/KH) R maybe not resorbing? (not resorbing)","A17.18001",04:50:00,"AF 8/22/18","23-Aug","10:51","11:18","AF","L ovary was dissolving b/c reabsorbing. R ovary slight yellow tint and reabsorbing.","8/23/18",99,"6/6/18",5,"A17",0.805,1.85,1.85,"Ringers","0.383838384",2.422,2.872,1,0.644150417827298,1,"5r",1.577,1.055,0.510462904248573,0.388625592417062,0.510462904248573,"3"
"33",62,"H01.18031","H01.18031",2.483,NA,"12.20.18","KH","H01.18031","henry","6/11/18",15:00:00,"2",16:54:00,"KH","1","6/12/18",NA,NA,NA,NA,NA,NA,"something came out w/ injection guts?",NA,"H01.18031","AF","23-Aug",4.526,0.747,NA,NA,0,NA,NA,NA,0,"Y","there is just one oocyte","H01.18031",04:50:00,"AF 8/22/18","23-Aug","11:54","12:09","AF","Weird. Only one small ovary. I checked my discard pile and the gut for the other ovary parts.","8/23/18",99,"6/11/18",10,"H01",0.747,NA,0.747,"Ringers","0.584070796",NA,NA,NA,NA,NA,NA,NA,NA,NA,NA,NA,NA
"34",109,"H02.18030","H02.18030",2.515,NA,"12.20.18","KH","H02.18030","henry","6/15/18",13:33:00,"4",15:36:00,"kh","5","6/20/18",NA,NA,NA,NA,NA,NA,NA,NA,"H02.18030","AF","23-Aug",5.072,0.661,0.658,2.758,0.323,1.094,0.949,NA,0,"Y",NA,"H02.18030",04:50:00,"AF 8/22/18","23-Aug","12:16","12:37","AF","Reabsorbing L ovary. No reabsorbing R ovary. Ovaries have an ombre color.","8/23/18",99,"6/15/18",14,"H02",1.094,NA,1.094,"Control","0.563829787",3.081,NA,0.895163907822136,NA,0.895163907822136,"4r",1.319,2.043,0.501137225170584,0.535487028879099,0.535487028879099,"3"
"35",3,"A07.18009","A07.18009",2.398,NA,"12.20.18","KH","A07.18009","anderson","6/5/18",13:00:00,"8",16:34:00,"KH","10","6/15/18",NA,NA,NA,NA,NA,NA,NA,NA,"A07.18009","AF","24-Aug",5.579,1.233,0.704,2.067,0.672,0.158,0.542,2.189,0.234,"Y","(resolved AF/KH) Hard to tell R trophocye","A07.18009",04:30:00,"AF 8/23/18","24-Aug","11:00","11:21","AF","Reabsorbing L & R ovaries","8/24/18",100,"6/5/18",4,"A07",1.233,2.189,2.189,"Ringers","0.222222222",2.739,2.423,0.754654983570646,0.903425505571606,0.903425505571606,"4r",1.937,0.7,0.636551368094992,0.225714285714286,0.636551368094992,"4"
"36",63,"H01.18034","H01.18034",2.432,NA,"12.20.18","KH","H01.18034","henry","6/12/18",14:50:00,"7",17:27:00,"KH","10","6/22/18",NA,NA,NA,NA,NA,NA,NA,NA,"H01.18034","AF","24-Aug",5.622,0.525,0.658,2.294,0.839,0.919,0.815,1.996,0,"Y",NA,"H01.18034",04:30:00,"AF 8/23/18","24-Aug","10:28","10:53","AF","Reabsorbing L & R ovaries. Bottom of L ovary got clipped off a bit.","8/24/18",100,"6/12/18",11,"H01",0.919,1.996,1.996,"Control","0.340659341",3.133,1.996,0.732205553782317,1,1,"5r",1.183,1.734,0.443786982248521,0.529988465974625,0.529988465974625,"3"
"37",68,"H01.18040","H01.18040",2.33,NA,"12.20.18","KH","H01.18040","henry","6/12/18",14:50:00,"7",17:50:00,"KH","10","6/22/18",NA,NA,NA,NA,NA,NA,"changed trt from 10->7 on 6/19",NA,"H01.18040","AF","24-Aug",5.417,0.476,0.627,1.905,0.923,0.9,0.944,2.548,0,"Y",NA,"H01.18040",04:30:00,"AF 8/23/18","24-Aug","11:52","12:19","AF","Dufours gland straight up looks like a dolphin. Reabsorbing L & R ovaries","8/24/18",100,"6/12/18",11,"H01",0.9,2.548,2.548,"Control","0.457446809",2.828,2.548,0.673620933521924,1,1,"5r",1.103,1.844,0.43155031731641,0.488069414316703,0.488069414316703,"3"
"38",53,"H01.18021","H01.18021",2.433,NA,"12.20.18","KH","H01.18021","henry","6/11/18",12:45:00,"5",13:45:00,"KH","5","6/16/18",NA,NA,NA,NA,NA,NA,NA,NA,"H01.18021","AF","7-Sep",4.755,0.466,0.564,1.954,1.063,0.447,0.797,NA,0,"Y","check R ovary resorbing chunks","H01.18021",03:00:00,"AF 9/6/18","7-Sep","9:32","10:01","AF","Slight reabsorbing L ovary. R ovary completely reabsorbed/dissolved.","9/7/18",114,"6/11/18",10,"H01",0.466,NA,0.466,"Ringers","0.509615385",3.017,NA,0.647663241630759,NA,0.647663241630759,"4r",1.03,1.244,0.452427184466019,0.359324758842444,0.452427184466019,"3"
"39",59,"H01.18028","H01.18028",2.57,NA,"12.20.18","KH","H01.18028","henry","6/11/18",15:00:00,"7",16:07:00,"KH","10","6/21/18",NA,NA,NA,NA,NA,NA,NA,NA,"H01.18028","AF","7-Sep",6.453,0.739,0.775,2.504,0.533,1.354,1.259,2.64,0,"Y",NA,"H01.18028",03:00:00,"AF 9/6/18","7-Sep","10:07","10:32","AF","Reabsorbing L & R ovaries","9/7/18",114,"6/11/18",10,"H01",1.354,2.64,2.64,"Control","0.387755102",3.037,2.64,0.824497859729997,1,1,"5r",1.514,2.613,0.488110964332893,0.518178339073861,0.518178339073861,"3"
"40",74,"H01.18046","H01.18046",2.398,NA,"12.20.18","KH","H01.18046","henry","6/12/18",14:50:00,"7",18:13:00,"KH","10","6/22/18",NA,NA,NA,NA,NA,NA,"changed trt from 10->7 on 6/19",NA,"H01.18046","AF","7-Sep",5.314,0.804,1.024,2.896,0,0.512,0.831,1.749,0.811,"Y",NA,"H01.18046",03:00:00,"AF 9/6/18","7-Sep","9:01","9:26","AF","Reabsorbing L & R ovaries","9/7/18",114,"6/12/18",11,"H01",0.804,1.749,1.749,"Control","0.411111111",2.896,2.56,1,0.683203125,1,"5r",1.828,1.343,0.439824945295405,0.381236038719285,0.439824945295405,"1_2"
"41",93,"H02.18004","H02.18004",2.298,NA,"12.20.18","KH","H02.18004","henry","6/6/18",13:01:00,"6",14:36:00,"KH","5","6/11/18",NA,NA,NA,NA,NA,NA,"almost all the way awake when injected",NA,"H02.18004","AF","14-Sep",4.273,0.572,0.683,2.259,0,0.955,0.763,NA,0,"Y",NA,"H02.18004",03:00:00,"AF 9/13/18","14-Sep","9:15","9:45","KH","Broke L ovary in half :(","9/14/18",121,"6/6/18",5,"H02",0.955,NA,0.955,"E. coli","0.269565217",2.259,NA,1,NA,1,"5r",1.255,1.718,0.455776892430279,0.555878928987194,0.555878928987194,"4"
"42",119,"H03.18011","H03.18011",2.59,NA,"12.20.18","KH","H03.18011","henry","6/11/18",14:30:00,"3",16:45:00,"KH","1","6/12/18",NA,NA,NA,NA,NA,NA,NA,NA,"H03.18011","AF","14-Sep",4.117,0.78,0.768,NA,0,0.509,0.588,NA,0,"Y",NA,"H03.18011",03:00:00,"AF 9/13/18","14-Sep","10:30","10:51","KH","on his day Nmel heads were warmed (left overnight)","9/14/18",121,"6/11/18",10,"H03",0.78,NA,0.78,"E. coli","0.487179487",NA,NA,NA,NA,NA,"3",1.548,1.097,0.503875968992248,0.463992707383774,0.503875968992248,"3"
"43",86,"H01.18071","H01.18071",2.433,NA,"12.20.18","KH","H01.18071","henry","6/16/18",13:34:00,"6",14:59:00,"kh","5","6/21/18",NA,NA,NA,NA,NA,NA,NA,NA,"H01.18071","AF","28-Sep",4.363,1.271,0.656,NA,0,0.722,0.645,NA,0,"Y",NA,"H01.18071",03:15:00,"AF 9/27/18","28-Sep","9:45","10:08","AF","No resorbing","9/28/18",135,"6/16/18",15,"H01",1.271,NA,1.271,"E. coli","0.392156863",NA,NA,NA,NA,NA,"4",1.927,1.367,0.659574468085106,0.528163862472568,0.659574468085106,"4"
"44",110,"H02.18031","H02.18031",2.5,NA,"12.20.18","KH","H02.18031","henry","6/15/18",15:32:00,"4",16:12:00,"kh","5","6/20/18",NA,NA,NA,NA,NA,NA,"changed trt from 10->4 on 6/19",NA,"H02.18031","AF","28-Sep",4.395,0.788,0.745,NA,0,0.509,0.754,1.569,0.957,"Y",NA,"H02.18031",03:15:00,"AF 9/27/18","28-Sep","10:20","10:40","AF","R resorbing ovary. L no resorbing.","9/28/18",135,"6/15/18",14,"H02",0.788,1.569,1.569,"Control","0.344444444",NA,2.526,NA,0.621140142517815,0.621140142517815,"4r",1.533,1.263,0.514024787997391,0.403008709422011,0.514024787997391,"3"
"45",114,"H03.18003","H03.18003",2.5,NA,"12.20.18","KH","H03.18003","henry","6/5/18",13:00:00,"12",16:20:00,"KH","20","6/25/18",NA,NA,NA,NA,NA,NA,NA,NA,"H03.18003","AF","28-Sep",6.203,0.651,0.846,3.252,0.261,1.242,0.931,NA,0,"Y",NA,"H03.18003",03:15:00,"AF 9/27/18","28-Sep","9:19","9:41","AF","resorbing L ovary. looks ripped but can't find piece on R","9/28/18",135,"6/5/18",4,"H03",1.242,NA,1.242,"E. coli","0.317307692",3.513,NA,0.925704526046114,NA,0.925704526046114,"4r",1.497,2.173,0.434869739478958,0.571560055223194,0.571560055223194,"4"
"46",25,"A23.18003","A23.18003",2.388,NA,"12.20.18","KH","A23.18003","anderson","6/7/18",10:23:00,"9",11:31:00,"KH","10","6/17/18",NA,NA,NA,NA,NA,NA,"changed name",NA,"A23.18003","AF","12-Oct",5.746,2.326,0.805,NA,0,1.612,1.125,NA,0,"Y","check L ovary measurements","A23.18003",03:20:00,"AF 10/11/18","12-Oct","10:13","10:44","AF","R no resorbing. L resorbing and broke in half.","10/12/18",149,"6/7/18",6,"A23",2.326,NA,2.326,"E. coli","0.329545455",NA,NA,NA,NA,NA,"4",3.131,2.737,0.74289364420313,0.588966021191085,0.74289364420313,"4"
"47",91,"H02.18002","H02.18002",2.435,NA,"12.20.18","KH","H02.18002","henry","6/5/18",13:00:00,"5",15:56:00,"KH","5","6/10/18",NA,NA,NA,NA,NA,NA,"changed name",NA,"H02.18002","AF","12-Oct",5.323,0.683,0.736,2.137,0.706,1.098,0.702,NA,0,"Y",NA,"H02.18002",03:20:00,"AF 10/11/18","12-Oct","9:19","9:44","AF","L resorbing. R no resorbing.","10/12/18",149,"6/5/18",4,"H02",1.098,NA,1.098,"Ringers","0.356435644",2.843,NA,0.75167077031305,NA,0.75167077031305,"4r",1.419,1.8,0.481324876673714,0.61,0.61,"4"
"48",120,"H03.18012","H03.18012",2.365,NA,"12.20.18","KH","H03.18012","henry","6/11/18",14:30:00,"8",17:04:00,"KH","10","6/21/18",NA,NA,NA,NA,NA,NA,"something came with injection, guts? changed trt from 11->8 on 6/21",NA,"H03.18012","AF","12-Oct",5.139,0.947,0.835,NA,0,1.175,0.741,NA,0,"Y",NA,"H03.18012",03:20:00,"AF 10/11/18","12-Oct","9:48","10:06","AF","No resorbing","10/12/18",149,"6/11/18",10,"H03",1.175,NA,1.175,"Ringers","0.490196078",NA,NA,NA,NA,NA,"4",1.782,1.916,0.531425364758698,0.613256784968685,0.613256784968685,"4"
"49",27,"A24.18001.2","A24.18001.2",2.452,NA,"12.21.18","KH","A24.18001.2","anderson","6/17/18",10:20:00,"9",16:21:00,"kh","10","6/27/18",NA,NA,NA,NA,NA,NA,NA,NA,"A24.18001.2","AF","26-Oct",5.769,0.308,0.905,3.033,0,0.745,0.887,3.24,0,"Y","(resolved AF/KH) unclear trophocytes, bee comes from 6/27","A24.18001.2",03:20:00,"AF 10/25/2018","26-Oct","10:14","10:43","AF","There was a duplicate ID. I named this one A24.18001.2 a put a .2 on the tubes except the thorax and head because already frozen. Could not see separation of oocyte/trophocyte on R ovary. Top and bottom tergites ripped in picture of fat bodies.","10/26/18",163,"6/17/18",16,"A24",0.745,3.24,3.24,"E. coli","0.189473684",3.033,3.24,1,1,1,"5r",1.213,1.632,0.253915910964551,0.456495098039216,0.456495098039216,"3"
"50",99,"H02.18014","H02.18014",2.467,NA,"12.21.18","KH","H02.18014","henry","6/11/18",14:39:00,"9",16:32:00,"KH","10","6/21/18",NA,NA,NA,NA,NA,NA,"changed trt from 12->9 on 6/19",NA,"H02.18014","AF","26-Oct",5.253,0.873,0.83,1.092,1.607,0.574,0.729,1.809,0.761,"Y",NA,"H02.18014",03:20:00,"AF 10/25/2018","26-Oct","9:40","10:06","AF","No resorbing probably... looks yellow so maybe.","10/26/18",163,"6/11/18",10,"H02",0.873,1.809,1.809,"E. coli","0.401869159",2.699,2.57,0.404594294183031,0.703891050583658,0.703891050583658,"4r",1.703,1.303,0.512624779800352,0.440521872601688,0.512624779800352,"3"
"51",127,"H15.18001","H15.18001",2.486,NA,"12.21.18","KH","H15.18001","henry","6/5/18",13:00:00,"10",16:13:00,"KH","20","6/25/18",NA,NA,NA,NA,NA,NA,NA,NA,"H15.18001","AF","26-Oct",5.464,NA,NA,2.854,0.43,0.994,0.794,2.134,0,"Y","check measurements","H15.18001",03:20:00,"AF 10/25/2018","26-Oct","10:49","11:11","AF","L ovary no distiction between ovarials. R ovary not resorbing. rinsed abdomen down the drain - can't use this sample","10/26/18",163,"6/5/18",4,"H15",0.994,2.134,2.134,"Control","0.470588235",3.284,2.134,0.869062119366626,1,1,"5r",NA,1.788,NA,0.55592841163311,0.55592841163311,"4"
"52",112,"H03.18001","H03.18001",2.279,NA,"12.21.18","KH","H03.18001","henry","6/5/18",13:00:00,"12",15:50:00,"KH","20","6/25/18",NA,NA,NA,NA,NA,NA,NA,"6/6/2018-learned better","H03.18001","AF","2-Nov",6.338,0.819,0.997,1.227,0.979,0.455,0.724,2.262,0.849,"Y",NA,"H03.18001",03:05:00,"AF 11/1/2018","2-Nov","9:36","10:01","AF","dufours was huge - really thick (fat). R & L ovaries resorbing","11/2/18",170,"6/5/18",4,"H03",0.819,2.262,2.262,"E. coli","0.326086957",2.206,3.111,0.556210335448776,0.727097396335583,0.727097396335583,"4r",1.816,1.179,0.450991189427313,0.385920271416455,0.450991189427313,"3"
"53",117,"H03.18009","H03.18009",2.366,NA,"12.21.18","KH","H03.18009","henry","6/11/18",12:31:00,"8",13:44:00,"KH","20","7/1/18",NA,NA,NA,NA,NA,NA,"changed trt from 11->8 on 6/19",NA,"H03.18009","AF","2-Nov",4.74,0.168,0.334,1.176,0.947,0.376,0.813,2.593,0,"Y",NA,"H03.18009",03:05:00,"AF 11/1/2018","2-Nov","9:04","9:30","AF","ovarials spiral around R ovary. R resorbing. L normal.","11/2/18",170,"6/11/18",10,"H03",0.376,2.593,2.593,"Ringers","0.442307692",2.123,2.593,0.553933113518606,1,1,"5r",0.502,1.189,0.334661354581673,0.31623212783852,0.334661354581673,"1_2"
"54",142,"H23.18003","H23.18003",2.435,NA,"12.21.18","KH","H23.18003","henry","6/11/18",14:13:00,"7",17:07:00,"KH","10","6/21/18",NA,NA,NA,NA,NA,NA,NA,NA,"H23.18003","AF","2-Nov",5.751,0.553,0.719,2.106,1.04,0.96,0.798,2.775,0,"Y",NA,"H23.18003",03:05:00,"AF 11/1/2018","2-Nov","10:06","10:28","AF","R & L ovaries resorbing","11/2/18",170,"6/11/18",10,"H23",0.96,2.775,2.775,"Control","0.174311927",3.146,2.775,0.669421487603306,1,1,"5r",1.272,1.758,0.434748427672956,0.546075085324232,0.546075085324232,"3"
"55",106,"H02.18024","H02.18024",2.346,NA,"12.21.18","KH","H02.18024","henry","6/13/18",15:47:00,"1",16:14:00,"KH","1","6/14/18",NA,NA,NA,NA,NA,NA,NA,NA,"H02.18024","AF","9-Nov",3.383,0.432,0.651,NA,0,0.179,0.372,NA,0,"Y",NA,"H02.18024",02:55:00,"AF 11/8","9-Nov","8:55","9:14","AF","Underdeveloped ovaries. poked hole in bottom tergite. still took measuremens. large amounts of fat in abdomen.","11/9/18",177,"6/13/18",12,"H02",0.432,NA,0.432,"Control","0.404255319",NA,NA,NA,NA,NA,"1_2",1.083,0.551,0.398891966759003,0.32486388384755,0.398891966759003,"1_2"
"56",4,"A07.18011","A07.18011",2.449,NA,"12.21.18","KH","A07.18011","anderson","6/6/18",12:25:00,"7",14:04:00,"KH","10","6/16/18",NA,NA,NA,NA,NA,NA,NA,NA,"A07.18011","AS","13-Nov",5.904,0.366,0.807,NA,0,1.713,0.2,NA,0,"Y","partiall ripped dufours right ovary large not resorbing","A07.18011",05:39:00,"AS 11/12","13-Nov","12:00","12:41","AS","partially ripped dufours. R ovary large not resorbing","11/13/18",181,"6/6/18",5,"A07",1.713,NA,1.713,"Control","0.285714286",NA,NA,NA,NA,NA,"4",1.173,1.913,0.312020460358056,0.895452169367486,0.895452169367486,"4"
"57",11,"A07.18017","A07.18017",2.295,NA,"12.21.18","KH","A07.18017","anderson","6/6/18",14:05:00,"8",15:12:00,"KH","10","6/16/18",NA,NA,NA,NA,NA,NA,NA,NA,"A07.18017","KH","15-Nov",5.581,1.737,0.327,NA,0,1.029,0.901,2.321,0,"Y",NA,"A07.18017",07:00:00,"KH 11/14","15-Nov","2:20","2:40","KH","head popped off and defrosted for a bit. later found","11/15/18",183,"6/6/18",5,"A07",1.737,2.321,2.321,"Ringers","0.280898876",NA,2.321,NA,1,1,"5r",2.064,1.93,0.841569767441861,0.533160621761658,0.841569767441861,"4"
"58",58,"H01.18027","H01.18027",2.476,NA,"12.21.18","KH","H01.18027","henry","6/11/18",15:00:00,"7",16:02:00,"KH","10","6/21/18",NA,NA,NA,NA,NA,NA,NA,NA,"H01.18027","KH","15-Nov",5.811,1.521,1.031,NA,0,0.977,0.939,2.483,0.208,"Y",NA,"H01.18027",07:00:00,"KH 11/14","15-Nov","1:31","1:53","KH",NA,"11/15/18",183,"6/11/18",10,"H01",1.521,2.483,2.483,"Control","0.18",NA,2.691,NA,0.922705314009662,0.922705314009662,"4r",2.552,1.916,0.596003134796238,0.509916492693111,0.596003134796238,"4"
"59",72,"H01.18044","H01.18044",2.415,NA,"12.21.18","KH","H01.18044","henry","6/12/18",14:50:00,"9",18:09:00,"KH","10","6/22/18",NA,NA,NA,NA,NA,NA,NA,NA,"H01.18044","KH","15-Nov",4.832,1.191,0.706,NA,0,0.605,0.301,2.814,0,"Y",NA,"H01.18044",07:00:00,"KH 11/14","15-Nov","2:00","2:15","KH",NA,"11/15/18",183,"6/12/18",11,"H01",1.191,2.814,2.814,"E. coli","0.072727273",NA,2.814,NA,1,1,"5r",1.897,0.906,0.627833421191355,0.667770419426049,0.667770419426049,"4"
"60",83,"H01.18061","H01.18061",2.472,NA,"12.21.18","KH","H01.18061","henry","6/15/18",13:45:00,"6",15:40:00,"kh","5","6/20/18",NA,NA,NA,NA,NA,NA,"changed trt from 12->6 on 6/19",NA,"H01.18061","KH","15-Nov",5.073,0.578,0.674,2.824,0,1.013,0.701,NA,0,"Y","need to measure dufours (remeasured 1.1, KH)","H01.18061",07:00:00,"KH 11/14","15-Nov","2:41","3:00","KH","dufours pre taken at 20 but photo set to 1.25","11/15/18",183,"6/15/18",14,"H01",1.013,NA,1.013,"E. coli","0.237623762",2.824,NA,1,NA,1,"5r",1.252,1.714,0.461661341853035,0.591015169194866,0.591015169194866,"4"
"61",88,"H01.18073","H01.18073",2.47,NA,"12.21.18","KH","H01.18073","henry","6/16/18",13:31:00,"2",15:06:00,"kh","1","6/17/18",NA,NA,NA,NA,NA,NA,NA,NA,"H01.18073","KH","15-Nov",4.118,0.533,0.854,NA,0,0.392,0.62,NA,0,"Y",NA,"H01.18073",07:00:00,"KH 11/14","15-Nov","1:05","1:26","KH",NA,"11/15/18",183,"6/16/18",15,"H01",0.533,NA,0.533,"Ringers","0.38",NA,NA,NA,NA,NA,"1_2",1.387,1.012,0.384282624369142,0.387351778656126,0.387351778656126,"1_2"
"62",97,"H02.18012","H02.18012",2.316,NA,"12.21.18","KH","H02.18012","henry","6/11/18",12:35:00,"6",14:08:00,"KH","5","6/16/18",NA,NA,NA,NA,NA,NA,NA,NA,"H02.18012","KH","15-Nov",3.456,1.128,0.379,NA,0,1.123,0.924,NA,0,"Y",NA,"H02.18012",10:00:00,"KH 11/14","15-Nov","4:30","4:47","KH","L ovary got crushed / ripped too :( accidently labeled tube w/ 18022 instead of...??","11/15/18",183,"6/11/18",10,"H02",1.128,NA,1.128,"E. coli","0.245283019",NA,NA,NA,NA,NA,"4",1.507,2.047,0.74850696748507,0.548607718612604,0.74850696748507,"4"
"63",98,"H02.18013","H02.18013",2.335,NA,"12.21.18","KH","H02.18013","henry","6/11/18",12:35:00,"1",14:14:00,"KH","1","6/12/18",NA,NA,NA,NA,NA,NA,NA,NA,"H02.18013","KH","15-Nov",4.706,0.849,0.784,NA,0,0.543,0.623,NA,0,"Y",NA,"H02.18013",10:00:00,"KH 11/14","15-Nov","4:50","5:03","KH",NA,"11/15/18",183,"6/11/18",10,"H02",0.849,NA,0.849,"Control","0.369565217",NA,NA,NA,NA,NA,"3",1.633,1.166,0.519902020820576,0.465694682675815,0.519902020820576,"3"
"64",103,"H02.18021","H02.18021",2.371,NA,"12.21.18","KH","H02.18021","henry","6/13/18",13:47:00,"9",15:20:00,"KH","10","6/23/18",NA,NA,NA,NA,NA,NA,"changed trt from 12->9 on 6/19",NA,"H02.18021","KH","15-Nov",5.352,1.43,0.69,NA,0,0.618,NA,1.68,0,"Y",NA,"H02.18021",10:00:00,"KH 11/14","15-Nov","4:06","4:22","KH","R ovary got crushed, measurement is a bit smaller than liked","11/15/18",183,"6/13/18",12,"H02",1.43,1.68,1.68,"E. coli","0.16",NA,1.68,NA,1,1,"5r",2.12,NA,0.674528301886792,NA,0.674528301886792,"4"
"65",104,"H02.18022","H02.18022",2.467,NA,"12.21.18","KH","H02.18022","henry","6/13/18",13:48:00,"9",15:23:00,"KH","10","6/23/18",NA,NA,NA,NA,NA,NA,"changed trt from 12->9 on 6/19",NA,"H02.18022","KH","15-Nov",5.835,1.495,1.042,NA,0,0.894,0.991,3.051,0,"Y",NA,"H02.18022",10:00:00,"KH 11/14","15-Nov","5:40","6:00","KH",NA,"11/15/18",183,"6/13/18",12,"H02",1.495,3.051,3.051,"E. coli","0.254901961",NA,3.051,NA,1,1,"5r",2.537,1.885,0.589278675601104,0.474270557029178,0.589278675601104,"4"
"66",30,"B10.18001","B10.18001",2.382,NA,"12.21.18","KH","B10.18001","buckley","6/11/18",13:35:00,"7",16:36:00,"KH","10","6/21/18",NA,NA,NA,NA,NA,NA,"changed trt from 10->7 on 6/21",NA,"B10.18001","KH","21-Nov",4.6,1.417,0.736,2.312,0,1.009,0.782,NA,0,"Y",NA,"B10.18001",02:00:00,"KH 11/20","21-Nov","9:45","10:00","KH",NA,"11/21/18",189,"6/11/18",10,"B10",1.417,NA,1.417,"Control","0.160714286",2.312,NA,1,NA,1,"5r",2.153,1.791,0.658151416627961,0.563372417643774,0.658151416627961,"4"
"67",40,"H01.18010","H01.18010",2.247,NA,"12.21.18","KH","H01.18010","henry","6/7/18",13:00:00,"10",14:40:00,"KH","20","6/27/18",NA,NA,NA,NA,NA,NA,NA,NA,"H01.18010","KH","21-Nov",5.063,0.643,0.679,1.487,0,0.401,0.653,2.674,0,"Y",NA,"H01.18010",02:00:00,"KH 11/20","21-Nov","9:10","9:37","KH",NA,"11/21/18",189,"6/7/18",6,"H01",0.643,2.674,2.674,"Control","0.217948718",1.487,2.674,1,1,1,"5r",1.322,1.054,0.486384266263237,0.380455407969639,0.486384266263237,"3"
"68",122,"H03.18014","H03.18014",2.351,NA,"12.21.18","KH","H03.18014","henry","6/15/18",13:24:00,"10",15:13:00,"kh","20","7/5/18",NA,NA,NA,NA,NA,NA,NA,NA,"H03.18014","KH","21-Nov",5.958,1.229,0.82,NA,0,0.308,0.368,1.778,0.864,"Y",NA,"H03.18014",02:00:00,"KH 11/20","21-Nov","8:20","8:35","KH","resorbing oocyte on back of R oocyte other one looked degraded/ crushed","11/21/18",189,"6/15/18",14,"H03",1.229,1.778,1.778,"Control","0.466666667",NA,2.642,NA,0.672975018925057,0.672975018925057,"4r",2.049,0.676,0.599804782820888,0.455621301775148,0.599804782820888,"4"
"69",7,"A07.18014","A07.18014",2.315,NA,"12.21.18","KH","A07.18014","anderson","6/6/18",12:25:00,"2",14:28:00,"KH","1","6/7/18",NA,NA,NA,NA,NA,NA,NA,NA,"A07.18014","KH","26-Nov",4.096,0.982,0.765,NA,0,0.636,0.657,NA,0,"Y",NA,"A07.18014",04:30:00,"KH 12/5","6-Dec","1:15","11:33","KH","L ovary got a bit ripped, but I think I got imprtant parts maybe","11/26/18",194,"6/6/18",5,"A07",0.982,NA,0.982,"Ringers","0.359223301",NA,NA,NA,NA,NA,"4",1.747,1.293,0.562106468231254,0.491879350348028,0.562106468231254,"4"
"70",8,"A07.18014","A07.18014",2.315,NA,"12.21.18","KH","A07.18014","anderson","6/6/18",12:25:00,"2",14:28:00,"KH","1","6/7/18",NA,NA,NA,NA,NA,NA,NA,NA,"A07.18014","KH","26-Nov",4.096,0.982,0.765,NA,0,0.636,0.657,NA,0,"Y",NA,"A07.18014",06:45:00,"KH 11/25","26-Nov","1:00","1:27","KH",NA,"11/26/18",194,"6/6/18",5,"A07",0.982,NA,0.982,"Ringers","0.359223301",NA,NA,NA,NA,NA,"4",1.747,1.293,0.562106468231254,0.491879350348028,0.562106468231254,"4"
"71",12,"A07.18019","A07.18019",2.315,NA,"12.21.18","KH","A07.18019","anderson","6/7/18",12:15:00,"2",14:13:00,"KH","1","6/8/18",NA,NA,NA,NA,NA,NA,NA,NA,"A07.18019","KH","26-Nov",4.089,0.219,0.462,NA,0,0.231,0.364,NA,0,"Y",NA,"A07.18019",06:45:00,"KH 11/25","26-Nov","1:30","1:45","KH",NA,"11/26/18",194,"6/7/18",6,"A07",0.231,NA,0.231,"Ringers","0.21",NA,NA,NA,NA,NA,"1_2",0.681,0.595,0.3215859030837,0.388235294117647,0.388235294117647,"1_2"
"72",16,"A07.18023","A07.18023",2.454,NA,"12.21.18","KH","A07.18023","anderson","6/7/18",14:17:00,"1",16:09:00,"KH","1","6/8/18",NA,NA,NA,NA,NA,NA,NA,NA,"A07.18023","KH","26-Nov",5.188,0.294,0.327,2.796,0,1.2,0.898,NA,0,"Y","L resorbing oocyte ripped","A07.18023",05:05:00,"KH 11/25","26-Nov","12:15","12:29","KH","L ovary crushed","11/26/18",194,"6/7/18",6,"A07",1.2,NA,1.2,"Control","0.341176471",2.796,NA,1,NA,1,"5r",0.621,2.098,0.473429951690821,0.571973307912297,0.571973307912297,"4"
"73",69,"H01.18041","H01.18041",2.329,NA,"12.21.18","KH","H01.18041","henry","6/12/18",14:50:00,"6",17:56:00,"KH","5","6/17/18",NA,NA,NA,NA,NA,NA,NA,NA,"H01.18041","KH","26-Nov",4.816,1.207,1.015,NA,0,0.951,0.653,NA,0,"Y",NA,"H01.18041",03:10:00,"KH 11/25","26-Nov","9:36","9:59","KH","L ovary broken while opening abdomen","11/26/18",194,"6/12/18",11,"H01",1.207,NA,1.207,"E. coli","0.163043478",NA,NA,NA,NA,NA,"4",2.222,1.604,0.543204320432043,0.5928927680798,0.5928927680798,"4"
"74",79,"H01.18055","H01.18055",2.245,NA,"12.21.18","KH","H01.18055","henry","6/14/18",13:57:00,"8",15:36:00,"KH","10","6/24/18",NA,NA,NA,NA,NA,NA,"Mall accidentally put H01.18055 in tube for H01.18053.",NA,"H01.18055","KH","26-Nov",4.626,0.964,0.865,NA,0,0.492,0.674,2.501,0.19,"Y",NA,"H01.18055",05:05:00,"KH 11/25","26-Nov","11:10","11:37","KH",NA,"11/26/18",194,"6/14/18",13,"H01",0.964,2.501,2.501,"Ringers","0.168421053",NA,2.691,NA,0.929394277220364,0.929394277220364,"4r",1.829,1.166,0.527063969382176,0.421955403087479,0.527063969382176,"3"
"75",80,"H01.18055","H01.18055",2.245,NA,"12.21.18","KH","H01.18055","henry","6/14/18",13:57:00,"8",15:36:00,"KH","10","6/24/18",NA,NA,NA,NA,NA,NA,"Mall accidentally put H01.18055 in tube for H01.18053.",NA,"H01.18055","KH","26-Nov",4.626,0.964,0.865,NA,0,0.492,0.674,2.501,0.19,"Y",NA,"H01.18055",03:30:00,"KH 12/3","4-Dec","11:00","11:26","KH",NA,"11/26/18",194,"6/14/18",13,"H01",0.964,2.501,2.501,"Ringers","0.168421053",NA,2.691,NA,0.929394277220364,0.929394277220364,"4r",1.829,1.166,0.527063969382176,0.421955403087479,0.527063969382176,"3"
"76",107,"H02.18027","H02.18027",2.28,NA,"12.21.18","KH","H02.18027","henry","6/15/18",13:33:00,"4",15:18:00,"kh","5","6/20/18",NA,NA,NA,NA,NA,NA,"changed trt from 10->4 on 6/19",NA,"H02.18027","KH","26-Nov",3.507,0.221,0.729,NA,0,0.291,0.434,NA,0,"Y",NA,"H02.18027",05:05:00,"KH 11/25","26-Nov","11:42","12:01","KH","both ovaries got ripped when taken out of tergites","11/26/18",194,"6/15/18",14,"H02",0.291,NA,0.291,"Control","0.605769231",NA,NA,NA,NA,NA,"1_2",0.95,0.725,0.232631578947368,0.401379310344828,0.401379310344828,"1_2"
"77",113,"H03.18002","H03.18002",2.456,NA,"12.21.18","KH","H03.18002","henry","6/5/18",13:00:00,"11",16:17:00,"KH","20","6/25/18",NA,NA,NA,NA,NA,NA,NA,NA,"H03.18002","KH","26-Nov",5.549,0.734,0.75,2.948,0,1.256,0.981,2.023,0,"Y",NA,"H03.18002",05:05:00,"KH 11/25","26-Nov","12:37","12:55","KH",NA,"11/26/18",194,"6/5/18",4,"H03",1.256,2.023,2.023,"Ringers","0.264150943",2.948,2.023,1,1,1,"5r",1.484,2.237,0.494609164420485,0.561466249441216,0.561466249441216,"4"
"78",108,"H02.18028","H02.18028",2.332,"added later","12.20.18","KH","H02.18028","henry","6/15/18",13:28:00,"12",15:20:00,"kh","20","7/5/18",NA,NA,NA,NA,NA,NA,NA,NA,"H02.18028","AS","30-Nov",4.072,0.299,0.549,2.346,0,0.673,0.669,NA,0,"Y","very small dufours, loads of yellow fat bodies, gut ripped, left ovary resorbing","H02.18028",04:54:00,"AS 11/29","30-Nov","11:38","12:13","AS","very small dufours loads of fat bodies around gut. gut ripped. L ovary resorbing","11/30/18",198,"6/15/18",14,"H02",0.673,NA,0.673,"E. coli","0.63559322",2.346,NA,1,NA,1,"5r",0.848,1.342,0.352594339622641,0.501490312965723,0.501490312965723,"3"
"79",145,"H24.18004","H24.18004",2.38,NA,"12.21.18","KH","H24.18004","henry","6/11/18",12:58:00,"12",14:26:00,"KH","20","7/1/18",NA,NA,NA,NA,NA,NA,NA,NA,"H24.18004","AS","30-Nov",5.267,1.525,0.985,NA,0,0.797,1.097,1.823,0.104,"Y",NA,"H24.18004",04:43:00,"AS 11/29","30-Nov","10:46","11:24","AS","right ovary resorbing","11/30/18",198,"6/11/18",10,"H24",1.525,1.823,1.823,"E. coli","0.216981132",NA,1.927,NA,0.946030098598858,0.946030098598858,"4r",2.51,1.894,0.607569721115538,0.420802534318902,0.607569721115538,"4"
"80",9,"A07.18015","A07.18015",2.385,NA,"12.20.18","KH","A07.18015","anderson","6/6/18",14:07:00,"12",15:05:00,"KH","20","6/26/18",NA,NA,NA,NA,NA,NA,NA,NA,"A07.18015","KH","3-Dec",5.76,0.942,0.841,1.715,0,0.525,0.562,3.089,0.268,"Y",NA,"A07.18015",06:45:00,"KH 12/2","3-Dec","12:45","10:06","KH",NA,"12/3/18",201,"6/6/18",5,"A07",0.942,3.089,3.089,"E. coli","0.255102041",1.715,3.357,1,0.920166815609175,1,"5r",1.783,1.087,0.528323051037577,0.482980680772769,0.528323051037577,"3"
"81",13,"A07.18020","A07.18020",2.501,NA,"12.20.18","KH","A07.18020","anderson","6/7/18",12:15:00,"7",14:29:00,"KH","10","6/17/18",NA,NA,NA,NA,NA,NA,"changed ecoli",NA,"A07.18020","KH","3-Dec",5.172,1.279,0.59,NA,0,1.165,0.789,NA,0,"Y",NA,"A07.18020",04:00:00,"KH 12/2","3-Dec","10:02","10:26","KH","ovaries both got broken pretty badly","12/3/18",201,"6/7/18",6,"A07",1.279,NA,1.279,"Control","0.123595506",NA,NA,NA,NA,NA,"4",1.869,1.954,0.684323167469235,0.596212896622313,0.684323167469235,"4"
"82",42,"H01.18011","H01.18011",2.355,NA,"12.20.18","KH","H01.18011","henry","6/11/18",12:35:00,"11",14:01:00,"KH","20","7/1/18",NA,NA,NA,NA,NA,NA,NA,NA,"H01.18011","KH","3-Dec",6.172,0.999,0.824,2.449,0,0.613,0.645,3.581,0.308,"Y",NA,"H01.18011",06:45:00,"KH 12/2","3-Dec","1:30","1:49","KH",NA,"12/3/18",201,"6/11/18",10,"H01",0.999,3.581,3.581,"Ringers","0.142857143",2.449,3.889,1,0.920802262792492,1,"5r",1.823,1.258,0.547997805814591,0.487281399046105,0.547997805814591,"3"
"83",45,"H01.18011","H01.18011",2.355,NA,"12.20.18","KH","H01.18011","henry","6/11/18",12:35:00,"11",14:01:00,"KH","20","7/1/18",NA,NA,NA,NA,NA,NA,NA,NA,"H01.18011","KH","3-Dec",6.172,0.999,0.824,2.449,0,0.613,0.645,3.581,0.308,"Y",NA,"H02.18011",04:45:00,"KH 12/4","5-Dec","11:00","11:31","KH",NA,"12/3/18",201,"6/11/18",10,"H01",0.999,3.581,3.581,"Ringers","0.142857143",2.449,3.889,1,0.920802262792492,1,"5r",1.823,1.258,0.547997805814591,0.487281399046105,0.547997805814591,"3"
"84",47,"H01.18011","H01.18011",2.355,NA,"12.20.18","KH","H01.18011","henry","6/7/18",13:07:00,"11",14:41:00,"KH","20","6/27/18",NA,NA,NA,NA,NA,NA,NA,NA,"H01.18011","KH","3-Dec",6.172,0.999,0.824,2.449,0,0.613,0.645,3.581,0.308,"Y",NA,"H02.18011",04:45:00,"KH 12/4","5-Dec","11:00","11:31","KH",NA,"12/3/18",201,"6/7/18",6,"H01",0.999,3.581,3.581,"Ringers","0.142857143",2.449,3.889,1,0.920802262792492,1,"5r",1.823,1.258,0.547997805814591,0.487281399046105,0.547997805814591,"3"
"85",48,"H01.18011","H01.18011",2.355,NA,"12.20.18","KH","H01.18011","henry","6/7/18",13:07:00,"11",14:41:00,"KH","20","6/27/18",NA,NA,NA,NA,NA,NA,NA,NA,"H01.18011","KH","3-Dec",6.172,0.999,0.824,2.449,0,0.613,0.645,3.581,0.308,"Y",NA,"H01.18011",06:45:00,"KH 12/2","3-Dec","1:30","1:49","KH",NA,"12/3/18",201,"6/7/18",6,"H01",0.999,3.581,3.581,"Ringers","0.142857143",2.449,3.889,1,0.920802262792492,1,"5r",1.823,1.258,0.547997805814591,0.487281399046105,0.547997805814591,"3"
"86",49,"H01.18012","H01.18012",2.398,NA,"12.20.18","KH","H01.18012","henry","6/7/18",12:50:00,"12",14:44:00,"KH","20","6/27/18",NA,NA,NA,NA,NA,NA,NA,NA,"H01.18012","KH","3-Dec",5.366,0.386,0.561,1.768,1.067,0.687,0.711,2.308,0,"Y",NA,"H01.18012",04:00:00,"KH 12/2","3-Dec","10:55","11:17","KH",NA,"12/3/18",201,"6/7/18",6,"H01",0.687,2.308,2.308,"E. coli","0.215053763",2.835,2.308,0.62363315696649,1,1,"5r",0.947,1.398,0.407602956705385,0.491416309012876,0.491416309012876,"3"
"87",50,"H01.18013","H01.18013",2.466,NA,"12.20.18","KH","H01.18013","henry","6/7/18",13:05:00,"10",14:55:00,"KH","20","6/27/18",NA,NA,NA,NA,NA,NA,NA,NA,"H01.18013","KH","3-Dec",5.414,0.735,0.809,2.524,0,0.31,0.658,2.174,0.701,"Y",NA,"H01.18013",04:00:00,"KH 12/2","3-Dec","11:22","11:41","KH","L ovary broken before..... ? (Idk see notes) ripped up. look at second photo for non-resorbing oocyte","12/3/18",201,"6/7/18",6,"H01",0.735,2.174,2.174,"Control","0.343434343",2.524,2.875,1,0.756173913043478,1,"5r",1.544,0.968,0.476036269430052,0.320247933884298,0.476036269430052,"3"
"88",124,"H07.18002","H07.18002",2.449,NA,"12.20.18","KH","H07.18002","henry","6/6/18",16:50:00,"12",18:00:00,"KH","20","6/26/18",NA,NA,NA,NA,NA,NA,NA,NA,"H07.18002","KH","3-Dec",4.675,0.463,0.64,1.872,0.253,2.317,NA,NA,0,"Y","l ovary missing bottom part likely","H07.18002",06:45:00,"KH 12/2","3-Dec","1:07","1:26","KH","pretty badly ripped ovaries","12/3/18",201,"6/6/18",5,"H07",2.317,NA,2.317,"E. coli","0.315789474",2.125,NA,0.880941176470588,NA,0.880941176470588,"4r",1.103,NA,0.419764279238441,NA,0.419764279238441,"1_2"
"89",5,"A07.18012","A07.18012",2.502,NA,"12.20.18","KH","A07.18012","anderson","6/6/18",12:24:00,"11",14:18:00,"KH","20","6/26/18",NA,NA,NA,NA,NA,NA,NA,NA,"A07.18012","KH","4-Dec",5.218,0.615,0.62,2.573,0.215,0.953,0.772,2.644,0,"Y",NA,"A07.18012",04:00:00,"KH 12/3","4-Dec","No time","No time","KH",NA,"12/4/18",202,"6/6/18",5,"A07",0.953,2.644,2.644,"Ringers","0.333333333",2.788,2.644,0.922883787661406,1,1,"5r",1.235,1.725,0.497975708502024,0.552463768115942,0.552463768115942,"4"
"90",15,"A07.18022","A07.18022",2.451,NA,"12.20.18","KH","A07.18022","anderson","6/7/18",12:15:00,"11",14:52:00,"KH","20","6/27/18",NA,NA,NA,NA,NA,NA,NA,NA,"A07.18022","KH","4-Dec",5.647,1.026,0.768,2.703,0,0.528,0.781,1.985,1.021,"Y",NA,"A07.18022",02:00:00,"KH 12/3","4-Dec","9:01","9:14","KH","prepped head while chopping and it like walked up??","12/4/18",202,"6/7/18",6,"A07",1.026,1.985,1.985,"Ringers","0.213592233",2.703,3.006,1,0.660345974717232,1,"5r",1.794,1.309,0.57190635451505,0.403361344537815,0.57190635451505,"4"
"91",28,"B02.18002","B02.18002",2.484,NA,"12.20.18","KH","B02.18002","buckley","6/6/18",14:08:00,"10",14:45:00,"KH","20","6/26/18",NA,NA,NA,NA,NA,NA,NA,NA,"B02.18002","KH","4-Dec",4.836,0.694,0.629,5.68,0.204,0.253,0.533,2.5,0,"Y",NA,"B02.18002",02:00:00,"KH 12/3","4-Dec","9:15","9:30","KH",NA,"12/4/18",202,"6/6/18",5,"B02",0.694,2.5,2.5,"Control","0.336448598",5.884,2.5,0.965329707681849,1,1,"5r",1.323,0.786,0.524565381708239,0.321882951653944,0.524565381708239,"3"
"92",29,"B02.18005","B02.18005",2.416,NA,"12.20.18","KH","B02.18005","buckley","6/11/18",13:45:00,"8",16:57:00,"KH","10","6/21/18",NA,NA,NA,NA,NA,NA,"changed from 11->8 on 6/21",NA,"B02.18005","KH","4-Dec",4.2,0.881,0.684,2.515,0,0.481,0.592,2.21,0.36,"Y",NA,"B02.18005",04:00:00,"KH 12/3","4-Dec","3:10","3:30","KH",NA,"12/4/18",202,"6/11/18",10,"B02",0.881,2.21,2.21,"Ringers","0.288461538",2.515,2.57,1,0.859922178988327,1,"5r",1.565,1.073,0.562939297124601,0.448275862068966,0.562939297124601,"4"
"93",34,"H01.18003","H01.18003",2.332,NA,"12.20.18","KH","H01.18003","henry","6/6/18",12:49:00,"10",14:25:00,"KH","20","6/26/18",NA,NA,NA,NA,NA,NA,"changed name",NA,"H01.18003","KH","4-Dec",5.144,0.285,0.558,1.54,0.761,0.482,0.666,3.02,0.231,"Y",NA,"H01.18003",02:00:00,"KH 12/3","4-Dec","8:30","8:50","KH",NA,"12/4/18",202,"6/6/18",5,"H01",0.482,3.02,3.02,"Control","0.288659794",2.301,3.251,0.669274228596263,0.928944940018456,0.928944940018456,"4r",0.843,1.148,0.338078291814947,0.4198606271777,0.4198606271777,"1_2"
"94",38,"H01.18007","H01.18007",2.279,NA,"12.20.18","KH","H01.18007","henry","6/7/18",12:50:00,"10",14:17:00,"KH","20","6/27/18",NA,NA,NA,NA,NA,NA,NA,NA,"H01.18007","KH","4-Dec",4.536,0.342,0.497,1.836,0.0081,1.437,0.778,NA,0,"Y","no resorbing on right side","H01.18007",02:00:00,"KH 12/3","4-Dec","8:03","8:28","KH","gut got ripped","12/4/18",202,"6/7/18",6,"H01",1.437,NA,1.437,"Control","0.135802469",1.8441,NA,0.995607613469985,NA,0.995607613469985,"4r",0.839,2.215,0.407628128724672,0.648758465011287,0.648758465011287,"4"
"95",39,"H01.18008","H01.18008",2.517,NA,"12.20.18","KH","H01.18008","henry","6/7/18",13:05:00,"12",14:23:00,"KH","20","6/27/18",NA,NA,NA,NA,NA,NA,NA,NA,"H01.18008","KH","4-Dec",5.51,0.789,0.805,2.147,0,0.373,0.594,2.185,0,"Y",NA,"H01.18008",03:30:00,"KH 12/3","4-Dec","9:41","10:01","KH",NA,"12/4/18",202,"6/7/18",6,"H01",0.789,2.185,2.185,"E. coli","0.233009709",2.147,2.185,1,1,1,"5r",1.594,0.967,0.494981179422836,0.385729058945191,0.494981179422836,"3"
"96",60,"H01.18029","H01.18029",2.434,NA,"12.20.18","KH","H01.18029","henry","6/11/18",15:00:00,"12",16:18:00,"KH","20","7/1/18",NA,NA,NA,NA,NA,NA,NA,NA,"H01.18029","KH","4-Dec",6.574,NA,NA,2.275,1.172,0.38,0.685,1.649,1.115,"Y","l ovary crushed such tha there weren't any visible non resorbing oocytes","H01.18029",04:00:00,"KH 12/3","4-Dec","4:01","4:09","KH","L ovary got really broken :(","12/4/18",202,"6/11/18",10,"H01",0.38,1.649,1.649,"E. coli","0.378378378",3.447,2.764,0.659994197853206,0.596599131693198,0.659994197853206,"4r",NA,1.065,NA,0.356807511737089,0.356807511737089,"1_2"
"97",61,"H01.18030","H01.18030",2.454,NA,"12.20.18","KH","H01.18030","henry","6/11/18",15:00:00,"10",16:47:00,"KH","20","7/1/18",NA,NA,NA,NA,NA,NA,NA,NA,"H01.18030","KH","4-Dec",6.182,0.391,0.538,1.714,0.936,0.583,0.749,3.162,0,"Y",NA,"H01.18030",03:30:00,"KH 12/3","4-Dec","10:53","11:05","KH",NA,"12/4/18",202,"6/11/18",10,"H01",0.583,3.162,3.162,"Control","0.181818182",2.65,3.162,0.646792452830189,1,1,"5r",0.929,1.332,0.420882669537137,0.437687687687688,0.437687687687688,"1_2"
"98",89,"H01.18085","H01.18085",2.372,NA,"12.20.18","KH","H01.18085","henry","6/21/18",13:01:00,"9",13:57:00,"kh","10","7/1/18",NA,NA,NA,NA,NA,NA,NA,NA,"H01.18085","KH","4-Dec",4.814,0.95,0.892,1.817,0,1.676,0.976,NA,0,"Y",NA,"H01.18085",03:30:00,"KH 12/3","4-Dec","11:00","11:26","KH",NA,"12/4/18",202,"6/21/18",20,"H01",1.676,NA,1.676,"E. coli","0.071428571",1.817,NA,1,NA,1,"5r",1.842,2.652,0.515743756786102,0.631975867269985,0.631975867269985,"4"
"99",143,"H23.18004","H23.18004",2.505,NA,"12.20.18","KH","H23.18004","henry","6/11/18",14:13:00,"12",17:16:00,"KH","20","7/1/18",NA,NA,NA,NA,NA,NA,"pretty awake, when injected",NA,"H23.18004","KH","4-Dec",5.734,0.433,0.729,1.792,1.202,0.895,0.86,2.534,0,"Y",NA,"H23.18004",01:30:00,"KH 12/4","5-Dec","8:40","9:20","KH","L ovary + R ovary got broken during dissection R ovary is empty","12/4/18",202,"6/11/18",10,"H23",0.895,2.534,2.534,"E. coli","0.225225225",2.994,2.534,0.598530394121576,1,1,"5r",1.162,1.755,0.37263339070568,0.50997150997151,0.50997150997151,"3"
"100",1,"A02.18003","A02.18003",2.432,NA,"12.20.18","KH","A02.18003","anderson","6/8/18",11:58:00,"9",13:57:00,"KH","10","6/18/18",NA,NA,NA,NA,NA,NA,NA,NA,"A02.18003","AS","5-Dec",5.221,1.312,0.67,NA,0,0.74,0.622,2.921,0,"Y",NA,"A02.18003",06:00:00,"AS 12/4","5-Dec","12:25","12:56","AS","R ovary resorbing","12/5/18",203,"6/8/18",7,"A02",1.312,2.921,2.921,"E. coli","0.239316239",NA,2.921,NA,1,1,"5r",1.982,1.362,0.661957618567104,0.543318649045521,0.661957618567104,"4"
"101",17,"A07.18024","A07.18024",2.438,NA,"12.20.18","KH","A07.18024","anderson","6/8/18",11:16:00,"4",13:59:00,"KH","5","6/13/18",NA,NA,NA,NA,NA,NA,NA,NA,"A07.18024","KH","5-Dec",4.4,1.021,0.765,NA,0,1.21,0.97,NA,0,"Y",NA,"A07.18024",04:45:00,"KH 12/4","5-Dec","10:54","11:17","KH",NA,"12/5/18",203,"6/8/18",7,"A07",1.21,NA,1.21,"Control","0.202380952",NA,NA,NA,NA,NA,"4",1.786,2.18,0.571668533034714,0.555045871559633,0.571668533034714,"4"
"102",41,"H01.18011","H01.18011",2.355,NA,"12.20.18","KH","H01.18011","henry","6/11/18",12:35:00,"11",14:01:00,"KH","20","7/1/18",NA,NA,NA,NA,NA,NA,NA,NA,"H02.18011","KH","5-Dec",4.71,0.81,0.873,2.422,0.154,0.414,0.588,1.775,0.923,"Y",NA,"H01.18011",06:45:00,"KH 12/2","3-Dec","1:30","1:49","KH",NA,"12/5/18",203,"6/11/18",10,"H01",0.81,1.775,1.775,"Ringers","0.142857143",2.576,2.698,0.940217391304348,0.657894736842105,0.940217391304348,"4r",1.683,1.002,0.481283422459893,0.413173652694611,0.481283422459893,"3"
"103",43,"H01.18011","H01.18011",2.355,NA,"12.20.18","KH","H01.18011","henry","6/7/18",13:07:00,"11",14:41:00,"KH","20","6/27/18",NA,NA,NA,NA,NA,NA,NA,NA,"H02.18011","KH","5-Dec",4.71,0.81,0.873,2.422,0.154,0.414,0.588,1.775,0.923,"Y",NA,"H02.18011",04:45:00,"KH 12/4","5-Dec","11:00","11:31","KH",NA,"12/5/18",203,"6/7/18",6,"H01",0.81,1.775,1.775,"Ringers","0.142857143",2.576,2.698,0.940217391304348,0.657894736842105,0.940217391304348,"4r",1.683,1.002,0.481283422459893,0.413173652694611,0.481283422459893,"3"
"104",44,"H01.18011","H01.18011",2.355,NA,"12.20.18","KH","H01.18011","henry","6/7/18",13:07:00,"11",14:41:00,"KH","20","6/27/18",NA,NA,NA,NA,NA,NA,NA,NA,"H02.18011","KH","5-Dec",4.71,0.81,0.873,2.422,0.154,0.414,0.588,1.775,0.923,"Y",NA,"H01.18011",06:45:00,"KH 12/2","3-Dec","1:30","1:49","KH",NA,"12/5/18",203,"6/7/18",6,"H01",0.81,1.775,1.775,"Ringers","0.142857143",2.576,2.698,0.940217391304348,0.657894736842105,0.940217391304348,"4r",1.683,1.002,0.481283422459893,0.413173652694611,0.481283422459893,"3"
"105",46,"H01.18011","H01.18011",2.355,NA,"12.20.18","KH","H01.18011","henry","6/11/18",12:35:00,"11",14:01:00,"KH","20","7/1/18",NA,NA,NA,NA,NA,NA,NA,NA,"H02.18011","KH","5-Dec",4.71,0.81,0.873,2.422,0.154,0.414,0.588,1.775,0.923,"Y",NA,"H02.18011",04:45:00,"KH 12/4","5-Dec","11:00","11:31","KH",NA,"12/5/18",203,"6/11/18",10,"H01",0.81,1.775,1.775,"Ringers","0.142857143",2.576,2.698,0.940217391304348,0.657894736842105,0.940217391304348,"4r",1.683,1.002,0.481283422459893,0.413173652694611,0.481283422459893,"3"
"106",52,"H01.18016","H01.18016",2.449,NA,"12.20.18","KH","H01.18016","henry","6/8/18",11:46:00,"11",13:48:00,"KH","20","6/28/18",NA,NA,NA,NA,NA,NA,NA,NA,"H01.18016","KH","5-Dec",5.734,0.433,0.729,1.792,1.202,0.895,0.86,2.534,0,"Y",NA,"H01.18016",01:30:00,"KH 12/4","5-Dec","8:20","8:39","KH",NA,"12/5/18",203,"6/8/18",7,"H01",0.895,2.534,2.534,"Ringers","0.352380952",2.994,2.534,0.598530394121576,1,1,"5r",1.162,1.755,0.37263339070568,0.50997150997151,0.50997150997151,"3"
"107",78,"H01.18054","H01.18054",2.382,NA,"12.20.18","KH","H01.18054","henry","6/14/18",13:57:00,"11",15:27:00,"KH","20","7/4/18",NA,NA,NA,NA,NA,NA,NA,NA,"H01.18054","KH","5-Dec",5.447,0.74,0.711,2.903,0.121,0.406,0.584,2.093,0.798,"Y",NA,"H01.18054",04:45:00,"KH 12/4","5-Dec","11:31","?","KH",NA,"12/5/18",203,"6/14/18",13,"H01",0.74,2.093,2.093,"Ringers","0.315315315",3.024,2.891,0.959986772486772,0.723970944309927,0.959986772486772,"4r",1.451,0.99,0.50999310820124,0.41010101010101,0.50999310820124,"3"
"108",82,"H01.18059","H01.18059",2.483,NA,"12.20.18","KH","H01.18059","henry","6/15/18",13:52:00,"11",15:34:00,"kh","20","7/5/18",NA,NA,NA,NA,NA,NA,NA,NA,"H01.18059","KH","5-Dec",4.953,0.816,0.797,1.779,0,0.425,0.613,2.643,0,"Y",NA,"H01.18059",04:45:00,"KH 12/4","5-Dec","11:35","11:52","KH",NA,"12/5/18",203,"6/15/18",14,"H01",0.816,2.643,2.643,"Ringers","0.126213592",1.779,2.643,1,1,1,"5r",1.613,1.038,0.505889646621203,0.409441233140655,0.505889646621203,"3"
"109",116,"H03.18006","H03.18006",2.432,NA,"12.20.18","KH","H03.18006","henry","6/6/18",13:07:00,"10",14:15:00,"KH","20","6/26/18",NA,NA,NA,NA,NA,NA,NA,NA,"H03.18006","KH","5-Dec",5.32,1.131,0.605,1.841,0.378,0.505,0.758,3.034,0.389,"Y",NA,"H03.18006",01:30:00,"KH 12/4","5-Dec","7:50","8:17","KH","ripped gut. H03.18006 in A07.18012","12/5/18",203,"6/6/18",5,"H03",1.131,3.034,3.034,"Control","0.363636364",2.219,3.423,0.829652996845426,0.886356996786445,0.886356996786445,"4r",1.736,1.263,0.651497695852535,0.399841646872526,0.651497695852535,"4"
"110",123,"H07.18001","H07.18001",2.398,NA,"12.20.18","KH","H07.18001","henry","6/6/18",16:50:00,"11",17:56:00,"KH","20","6/26/18",NA,NA,NA,NA,NA,NA,"changed cup new clean up after I broke the lid",NA,"H07.18001","KH","5-Dec",5.102,0.783,0.73,2.908,0.202,0.422,0.575,2.052,1.032,"Y",NA,"H07.18001",01:30:00,"AS 12/4","5-Dec","8:40","9:02","AS",NA,"12/5/18",203,"6/6/18",5,"H07",0.783,2.052,2.052,"Ringers","0.504761905",3.11,3.084,0.935048231511254,0.665369649805447,0.935048231511254,"4r",1.513,0.997,0.517514871116986,0.423269809428285,0.517514871116986,"3"
"111",10,"A07.18016","A07.18016",2.486,NA,"12.20.18","KH","A07.18016","anderson","6/6/18",14:06:00,"6",15:10:00,"KH","5","6/11/18",NA,NA,NA,NA,NA,NA,NA,NA,"A07.18016","KH","6-Dec",3.633,0.45,0.241,NA,0,1.629,0.322,NA,0,"Y",NA,"A07.18016",04:30:00,"KH 12/5","6-Dec","11:15","11:33","KH",NA,"12/6/18",204,"6/6/18",5,"A07",1.629,NA,1.629,"E. coli","0.188034188",NA,NA,NA,NA,NA,"4",0.691,1.951,0.65123010130246,0.834956432598667,0.834956432598667,"4"
"112",51,"H01.18015","H01.18015",2.432,NA,"12.20.18","KH","H01.18015","henry","6/8/18",11:45:00,"10",13:40:00,"KH","20","6/28/18",NA,NA,NA,NA,NA,NA,NA,NA,"H01.18015","KH","6-Dec",5.335,0.601,0.69,2.906,0.098,0.451,0.678,1.652,0.84,"Y",NA,"H01.18015",04:30:00,"KH 12/5","6-Dec","11:33","12:00","KH",NA,"12/6/18",204,"6/8/18",7,"H01",0.601,1.652,1.652,"Control","0.240384615",3.004,2.492,0.967376830892144,0.662921348314607,0.967376830892144,"4r",1.291,1.129,0.465530596436871,0.399468556244464,0.465530596436871,"3"
"113",66,"H01.18038","H01.18038",2.365,NA,"12.20.18","KH","H01.18038","henry","6/12/18",14:50:00,"7",17:41:00,"KH","10","6/22/18",NA,NA,NA,NA,NA,NA,"changed trt from 10->7",NA,"H01.18038","KH","6-Dec",4.828,1.136,0.883,NA,0,0.526,0.546,2.374,0,"Y",NA,"H01.18038",07:13:00,"KH 12/5","6-Dec","?","3:15","KH",NA,"12/6/18",204,"6/12/18",11,"H01",1.136,2.374,2.374,"Control","0.222222222",NA,2.374,NA,1,1,"5r",2.019,1.072,0.562654779593858,0.490671641791045,0.562654779593858,"4"
"114",67,"H01.18039","H01.18039",2.348,NA,"12.20.18","KH","H01.18039","henry","6/12/18",14:50:00,"4",17:49:00,"KH","5","6/17/18",NA,NA,NA,NA,NA,NA,NA,NA,"H01.18039","KH","6-Dec",4.602,1.016,0.771,NA,0,0.498,0.668,1.979,0.843,"Y",NA,"H01.18039",06:20:00,"KH 12/5","6-Dec","12:30","1:12","KH",NA,"12/6/18",204,"6/12/18",11,"H01",1.016,1.979,1.979,"Control","0.138297872",NA,2.822,NA,0.701275690999291,0.701275690999291,"4r",1.787,1.166,0.568550643536654,0.427101200686106,0.568550643536654,"4"
"115",77,"H01.18053","H01.18053",2.449,NA,"12.20.18","KH","H01.18053","henry","6/14/18",14:01:00,"9",15:24:00,"KH","10","6/24/18",NA,NA,NA,NA,NA,NA,"Mah accidentally put H01.18055 in the tube for H01.18053. H01.18053 was put in a tube labelled ""H01.18053/Correct ID/date""",NA,"H01.18053","KH","6-Dec",4.837,0.988,0.918,1.977,0,0.429,0.692,1.808,0.942,"Y",NA,"H01.18053",06:20:00,"KH 12/5","6-Dec","12:20","12:49","KH","correct ID","12/6/18",204,"6/14/18",13,"H01",0.988,1.808,1.808,"E. coli","0.161616162",1.977,2.75,1,0.657454545454546,1,"5r",1.906,1.121,0.518363064008394,0.382694023193577,0.518363064008394,"3"
"116",85,"H01.18070","H01.18070",2.381,NA,"12.20.18","KH","H01.18070","henry","6/16/18",13:45:00,"3",14:50:00,"kh","1","6/17/18",NA,NA,NA,NA,NA,NA,NA,NA,"H01.18070","KH","6-Dec",3.334,0.552,0.63,NA,0,NA,NA,NA,0,"Y",NA,"H01.18070",06:20:00,"KH 12/5","6-Dec","1:15","1:31","KH","R ovary got ripped out or lost :'(","12/6/18",204,"6/16/18",15,"H01",0.552,NA,0.552,"E. coli","0.161290323",NA,NA,NA,NA,NA,"3",1.182,NA,0.467005076142132,NA,0.467005076142132,"3"
"117",92,"H02.18003","H02.18003",2.483,NA,"12.20.18","KH","H02.18003","henry","6/6/18",13:05:00,"12",14:10:00,"KH","20","6/26/18",NA,NA,NA,NA,NA,NA,NA,NA,"H02.18003","KH","6-Dec",5.581,0.439,0.698,2.445,0,0.977,0.933,2.554,0,"Y",NA,"H02.18003",02:15:00,"KH 12/5","6-Dec","9:45","10:06","KH",NA,"12/6/18",204,"6/6/18",5,"H02",0.977,2.554,2.554,"E. coli","0.305785124",2.445,2.554,1,1,1,"5r",1.137,1.91,0.386103781882146,0.51151832460733,0.51151832460733,"3"
"118",95,"H02.18006","H02.18006",2.367,"added later","12.20.18","KH","H02.18006","henry","6/7/18",13:10:00,"12",14:56:00,"KH","20","6/27/18",NA,NA,NA,NA,NA,NA,NA,NA,"H02.18006","KH","6-Dec",5.749,0.369,0.513,1.386,0.948,0.533,0.529,2.29,0,"Y",NA,"H02.18006",04:30:00,"KH 12/5","6-Dec","11:00","11:13","KH",NA,"12/6/18",204,"6/7/18",6,"H02",0.533,2.29,2.29,"E. coli","0.348623853",2.334,2.29,0.593830334190231,1,1,"5r",0.882,1.062,0.418367346938775,0.501883239171375,0.501883239171375,"3"
"119",96,"H02.18008","H02.18008",2.192,NA,"12.20.18","KH","H02.18008","henry","6/8/18",12:07:00,"12",13:53:00,"KH","20","6/28/18",NA,NA,NA,NA,NA,NA,NA,NA,"H02.18008","KH","6-Dec",4.599,0.465,0.476,2.711,0,0.661,0.685,1.938,0,"Y",NA,"H02.18008",02:15:00,"KH 12/5","6-Dec","9:25","9:44","KH",NA,"12/6/18",204,"6/8/18",7,"H02",0.661,1.938,1.938,"E. coli","0.142857143",2.711,1.938,1,1,1,"5r",0.941,1.346,0.494155154091392,0.491084695393759,0.494155154091392,"3"
"120",105,"H02.18023","H02.18023",2.415,NA,"12.20.18","KH","H02.18023","henry","6/13/18",13:42:00,"11",15:31:00,"KH","20","7/3/18",NA,NA,NA,NA,NA,NA,NA,NA,"H02.18023","KH","6-Dec",5.135,0.391,0.429,2.262,0,0.972,0.603,NA,0,"Y",NA,"H02.18023",06:20:00,"KH 12/5","6-Dec","1:35","1:58","KH",NA,"12/6/18",204,"6/13/18",12,"H02",0.972,NA,0.972,"Ringers","0.378640777",2.262,NA,1,NA,1,"5r",0.82,1.575,0.476829268292683,0.617142857142857,0.617142857142857,"4"
"121",118,"H03.18010","H03.18010",2.384,NA,"12.20.18","KH","H03.18010","henry","6/11/18",14:30:00,"11",16:25:00,"KH","20","7/1/18",NA,NA,NA,NA,NA,NA,NA,NA,"H03.18010","KH","6-Dec",5.32,0.962,0.69,2.042,0,0.48,0.651,2.817,0.48,"Y",NA,"H03.18010",02:15:00,"KH 12/5","6-Dec","8:38","8:56","KH",NA,"12/6/18",204,"6/11/18",10,"H03",0.962,2.817,2.817,"Ringers","0.213483146",2.042,3.297,1,0.854413102820746,1,"5r",1.652,1.131,0.582324455205811,0.424403183023873,0.582324455205811,"4"
"122",121,"H03.18013","H03.18013",2.346,NA,"12.20.18","KH","H03.18013","henry","6/11/18",14:30:00,"1",17:22:00,"KH","1","6/12/18",NA,NA,NA,NA,NA,NA,NA,NA,"H03.18013","KH","6-Dec",3.365,0.361,0.431,NA,0,0.591,0.691,NA,0,"Y",NA,"H03.18013",07:13:00,"KH 12/5","6-Dec","2:30","?","KH",NA,"12/6/18",204,"6/11/18",10,"H03",0.591,NA,0.591,"Control","0.5",NA,NA,NA,NA,NA,"3",0.792,1.282,0.455808080808081,0.460998439937597,0.460998439937597,"3"
"123",144,"H24.18001","H24.18001",2.535,NA,"12.20.18","KH","H24.18001","henry","6/10/18",12:05:00,"10",13:33:00,"KH","20","6/30/18",NA,NA,NA,NA,NA,NA,NA,NA,"H24.18001","KH","6-Dec",5.503,0.727,0.628,1.273,0.521,0.411,0.548,2.799,0,"Y",NA,"H24.18001",04:30:00,"KH 12/5","6-Dec","10:20","10:51","KH",NA,"12/6/18",204,"6/10/18",9,"H24",0.727,2.799,2.799,"Control","0.318965517",1.794,2.799,0.70958751393534,1,1,"5r",1.355,0.959,0.536531365313653,0.428571428571428,0.536531365313653,"3"
"124",101,"H02.18018","H02.18018",2.569,NA,"12.20.18","KH","H02.18018","henry","6/12/18",15:00:00,"11",17:26:00,"KH","20","7/2/18",NA,NA,NA,NA,NA,NA,NA,NA,"H02.18018","KH","21-Dec",6.006,0.491,0.649,2.959,0.387,1.306,0.921,2.272,0,"Y",NA,"H02.18018",06:00:00,"KH 12/20","21-Dec","1:30","2:00","KH",NA,"12/21/18",219,"6/12/18",11,"H02",1.306,2.272,2.272,"Ringers","X",3.346,2.272,0.884339509862522,1,1,"5r",1.14,2.227,0.430701754385965,0.586439155814998,0.586439155814998,"4"
"125",NA,"H01.18062","H01.18062",2.4,NA,"12.21.18","KH","H01.18062","henry","6/15/18",15:24:00,"6",16:03:00,"KH","5","6/20/18",NA,NA,NA,NA,NA,NA,NA,NA,"H01.18062","KH","26-Nov",4.69,0.926,0.849,NA,0,1.185,0.896,NA,0,"Y",NA,"H01.18062",03:10:00,"KH 11/25","26-Nov","9:10","9:30","KH",NA,"11/26/18",194,"6/20/18",19,"H01",1.185,NA,1.185,"E. coli","0.154639175",NA,NA,NA,NA,NA,"4",1.775,2.081,0.52169014084507,0.569437770302739,0.569437770302739,"4"
"126",NA,"B11.18001","B11.18001",2.587,NA,"12.20.18","KH","B11.18001","buckley","6/19/18",09:52:00,"NE",NA,"KH","NE","6/19/18",NA,NA,NA,NA,NA,NA,NA,NA,"B11.18001","AF","23-Aug",5.508,0.486,0.721,2.57,0,0.953,0.896,3.873,0,"Y",NA,"B11.18001",04:50:00,"AF 8/22/18","23-Aug","11:25","11:47","AF",NA,NA,NA,NA,NA,"B11",0.953,3.873,3.873,NA,"0.313131313",2.57,3.873,1,1,1,"5r",1.207,1.849,0.402651201325601,0.515413737155219,0.515413737155219,"3"
"127",NA,"H02.18032","H02.18032",2.483,NA,"12.20.18","KH","H02.18032","henry","6/19/18",09:44:00,"NE",NA,"KH","NE","6/19/18",NA,NA,NA,NA,NA,NA,NA,NA,"H02.18032","AF","8-Aug",3.913,0.301,0.623,NA,0,0.539,0.75,NA,0,"Y",NA,"H02.18032",04:30:00,"AF 8/7/18","8-Aug","11:10","11:39","AF",NA,NA,NA,NA,NA,"H02",0.539,NA,0.539,NA,"0.170940171",NA,NA,NA,NA,NA,"1_2",0.924,1.289,0.325757575757576,0.418153607447634,0.418153607447634,"1_2"
"128",NA,"H12.18001","H12.18001",2.416,NA,"12.20.18","KH","H12.18001","henry","6/20/18",09:30:00,"NE",NA,"KH","NE","6/20/18",NA,NA,NA,NA,NA,NA,NA,NA,"H12.18001","AF","24-Aug",4.009,0.183,0.37,NA,0,0.155,0.455,NA,0,"Y",NA,"H12.18001",04:30:00,"AF 8/23/18","24-Aug","11:28","11:46","AF",NA,NA,NA,NA,NA,"H12",0.183,NA,0.183,NA,"0.674418605",NA,NA,NA,NA,NA,"1_2",0.553,0.61,0.330922242314647,0.254098360655738,0.330922242314647,"1_2"
"129",NA,"A24.18001","A24.18001",2.467,NA,"12.20.18","KH","A24.18001","anderson","6/23/18",09:35:00,"NE",NA,"KH","NE","6/23/18",NA,NA,NA,NA,NA,NA,NA,NA,"A24.18001","AF","22-Aug",6.829,0.648,0.739,2.909,0,0.341,0.581,1.676,1.129,"Y",NA,"A24.18001",04:30:00,"AF 8/21/18","22-Aug","11:35","12:01","AF",NA,NA,NA,NA,NA,"A24",0.648,2.909,2.909,NA,"0.408602151",2.909,2.805,1,0.597504456327986,1,"5r",1.387,0.922,0.467195385724585,0.369848156182213,0.467195385724585,"3"
"130",NA,"A18024","A18024",2.261,NA,"12.20.18","KH","A18024","anderson","6/18/18",10:00:00,"R",NA,"KH","R","6/18/18",NA,NA,NA,NA,NA,NA,NA,NA,"A18024","KH","26-Nov",5.946,2.442,0.875,NA,0,3.42,NA,0.891,0.826,"Y",NA,"A18024",03:10:00,"KH 11/25","26-Nov","10:30","10:50","KH",NA,NA,NA,NA,NA,"F",3.42,0.891,3.42,NA,"0.247191011",NA,1.717,NA,0.518928363424578,0.518928363424578,"4r",3.317,NA,0.736207416340066,NA,0.736207416340066,"4"
"131",NA,"H18046","H18046",2.435,NA,"12.20.18","KH","H18046","henry","6/20/18",10:13:00,"R",NA,"KH","R","6/20/18",NA,NA,NA,NA,NA,NA,NA,NA,"H18046","AF","14-Aug",6.521,1.475,0.704,3.865,0,0.649,0.836,2.035,0.779,"Y",NA,"H18046",04:20:00,"AF 8/13/18","14-Aug","10:21","10:56","AF",NA,NA,NA,NA,NA,"F",1.475,3.865,3.865,NA,"0.670103093",3.865,2.814,1,0.72316986496091,1,"5r",2.179,1.485,0.67691601652134,0.437037037037037,0.67691601652134,"4"
"132",NA,"A18025","A18025",2.405,NA,"12.20.18","KH","A18025","anderson","6/20/18",10:45:00,"R",NA,"KH","R","6/20/18",NA,NA,NA,NA,NA,NA,NA,NA,"A18025","KH","21-Nov",6.383,1.525,0.876,3.631,0,0.889,0.675,3.203,0,"Y",NA,"A18025",02:00:00,"KH 11/20","21-Nov","8:40","9:08","KH",NA,NA,NA,NA,NA,"F",1.525,3.631,3.631,NA,"0.211538462",3.631,3.203,1,1,1,"5r",2.401,1.564,0.63515201999167,0.568414322250639,0.63515201999167,"4"
"133",NA,"H18047","H18047",2.406,NA,"12.20.18","KH","H18047","henry","6/23/18",09:40:00,"R",NA,"KH","R","6/23/18",NA,NA,NA,NA,NA,NA,NA,NA,"H18047","AF","16-Aug",6.02,0.457,0.619,2.145,0.864,1.098,0.806,3.506,0,"Y",NA,"H18047",04:20:00,"AF 8/13/18","14-Aug","10:21","10:56","AF",NA,NA,NA,NA,NA,"F",1.098,3.506,3.506,NA,"0.431818182",3.009,3.506,0.712861415752742,1,1,"5r",1.076,1.904,0.424721189591078,0.576680672268908,0.576680672268908,"4"
"134",NA,"H18048","H18048",2.432,NA,"12.20.18","KH","H18048","henry","6/23/18",09:40:00,"R",NA,"KH","R","6/23/18",NA,NA,NA,NA,NA,NA,NA,NA,"H18048","AF","10-Aug",5.981,1.361,0.868,NA,0,0.65,0.736,2.904,0,"Y",NA,"H18048",02:30:00,"AF 8/9/18","10-Aug","10:04","10:28","AF",NA,NA,NA,NA,NA,"F",1.361,2.904,2.904,NA,"0.505617978",NA,2.904,NA,1,1,"5r",2.229,1.386,0.610587707492149,0.468975468975469,0.610587707492149,"4"
"135",NA,"H18049","H18049",2.397,NA,"12.20.18","KH","H18049","henry","6/23/18",09:40:00,"R",NA,"KH","R","6/23/18",NA,NA,NA,NA,NA,NA,NA,NA,"H18049","AF","14-Sep",6.258,1.939,0.88,1.617,0.14,0.799,0.942,3.271,0.247,"Y",NA,"H18049",03:00:00,"AF 9/13/18","14-Sep","9:50","10:17","KH",NA,NA,NA,NA,NA,"F",1.939,3.271,3.271,NA,"0.515151515",1.757,3.518,0.920318725099602,0.929789653212052,0.929789653212052,"4r",2.819,1.741,0.687832564739269,0.458931648477886,0.687832564739269,"4"
"136",NA,"H18050","H18050",2.313,NA,"12.20.18","KH","H18050","henry","6/23/18",09:40:00,"R",NA,"KH","R","6/23/18",NA,NA,NA,NA,NA,NA,NA,NA,"H18050","KH","26-Nov",6.26,2.945,NA,NA,0,0.951,0.867,3.113,0,"Y",NA,"H18050",03:10:00,"KH 11/25","26-Nov","10:00","10:25","KH",NA,NA,NA,NA,NA,"F",2.945,3.113,3.113,NA,"0.384615385",NA,3.113,NA,1,1,"5r",NA,1.818,NA,0.523102310231023,0.523102310231023,"3"
"137",NA,"H18053","H18053",2.336,NA,"12.20.18","KH","H18053","henry","6/25/18",11:50:00,"R",NA,"KH","R","6/25/18",NA,NA,NA,NA,NA,NA,NA,NA,"H18053","AF","9-Nov",5.665,0.651,0.747,3.127,0.495,1.352,0.976,2.009,0.946,"Y",NA,"H18053",02:55:00,"AF11/8","9-Nov","9:19","9:46","AF",NA,NA,NA,NA,NA,"F",1.352,3.127,3.127,NA,"#DIV/0!",3.622,2.955,0.863335173937051,0.679864636209814,0.863335173937051,"4r",1.398,2.328,0.465665236051502,0.580756013745704,0.580756013745704,"4"
"138",NA,"H18054","H18054",2.261,NA,"12.20.18","KH","H18054","henry","6/25/18",11:50:00,"R",NA,"KH","R","6/25/18",NA,NA,NA,NA,NA,NA,NA,NA,"H18054","KH","26-Nov",4.553,0.222,0.319,NA,0,NA,NA,NA,0,"Y",NA,"H18054",07:00:00,"KH 11/25","26-Nov","1:51","2:09","KH",NA,NA,NA,NA,NA,"F",0.222,NA,0.222,NA,"0.65",NA,NA,NA,NA,NA,"1_2",0.541,NA,0.410351201478743,NA,0.410351201478743,"1_2"
"139",NA,"H18055","H18055",2.415,NA,"12.20.18","KH","H18055","henry","6/25/18",11:50:00,"R",NA,"KH","R","6/25/18",NA,NA,NA,NA,NA,NA,NA,NA,"H18055","AF","9-Nov",4.898,0.472,0.584,1.973,1.019,0.932,0.9,2.829,0,"Y",NA,"H18055",02:55:00,"AF 11/8","9-Nov","9:53","10:19","AF",NA,NA,NA,NA,NA,"F",0.932,2.829,2.829,NA,"0.26744186",2.992,2.829,0.65942513368984,1,1,"5r",1.056,1.832,0.446969696969697,0.508733624454148,0.508733624454148,"3"
"140",NA,"B18007","B18007",2.432,NA,"12.20.18","KH","B18007","buckley","6/26/18",10:15:00,"R",NA,"KH","R","6/26/18",NA,NA,NA,NA,NA,NA,NA,NA,"B18007","AF","21-Aug",5.173,1.678,0.901,2.135,0,0.833,0.861,2.155,1.052,"Y",NA,"B18007",04:45:00,"AF 8/20/18","21-Aug","11:49","12:18","AF",NA,NA,NA,NA,NA,"F",1.678,2.155,2.155,NA,"0.571428571",2.135,3.207,1,0.671967570938572,1,"5r",2.579,1.694,0.650639782861574,0.491735537190083,0.650639782861574,"4"
"141",NA,"H18059","H18059",2.2,NA,"12.20.18","KH","H18059","henry","6/26/18",10:15:00,"R",NA,"KH","R","6/26/18",NA,NA,NA,NA,NA,NA,NA,NA,"H18059","KH","26-Nov",4.929,2.091,0.341,NA,0,2.586,NA,0.731,0.738,"Y",NA,"H18059",07:00:00,"KH 11/25","26-Nov","2:11","2:39","KH",NA,NA,NA,NA,NA,"F",2.586,0.731,2.586,NA,"0.295454545",NA,1.469,NA,0.497617426820967,0.497617426820967,"4r",2.432,NA,0.859786184210526,NA,0.859786184210526,"4"
"142",NA,"H18061","H18061",2.484,NA,"12.20.18","KH","H18061","henry","6/27/18",10:10:00,"R",NA,"KH","R","6/27/18",NA,NA,NA,NA,NA,NA,NA,NA,"H18061","KH","6-Dec",5.027,1.266,0.865,NA,0,2.716,0.17,NA,0,"Y",NA,"H18061",02:15:00,"KH 12/5","6-Dec","9:00","9:18","KH",NA,NA,NA,NA,NA,"F",2.716,NA,2.716,NA,"0.24742268",NA,NA,NA,NA,NA,"4",2.131,2.886,0.594087282965744,0.941094941094941,0.941094941094941,"4"
"143",NA,"H18062","H18062",2.432,NA,"12.20.18","KH","H18062","henry","6/27/18",10:10:00,"R",NA,"KH","R","6/27/18",NA,NA,NA,NA,NA,NA,NA,NA,"H18062","KH","4-Dec",5.723,0.188,0.276,1.6,0.972,0.67,0.845,3.429,0.333,"Y",NA,"H18062",04:00:00,"KH 12/3","4-Dec","3:36","3:48","KH",NA,NA,NA,NA,NA,"F",0.67,3.429,3.429,NA,"0.279069767",2.572,3.762,0.622083981337481,0.911483253588517,0.911483253588517,"4r",0.464,1.515,0.405172413793103,0.442244224422442,0.442244224422442,"1_2"
"144",NA,"A18026","A18026",2.552,NA,"12.20.18","KH","A18026","anderson","6/27/18",10:10:00,"R",NA,"KH","R","6/27/18",NA,NA,NA,NA,NA,NA,NA,NA,"A18026","KH","3-Dec",4.977,0.93,0.995,3.266,0.212,0.519,0.718,2.078,0.903,"Y",NA,"A18026",04:00:00,"KH 12/2","3-Dec","10:30","10:51","KH",NA,NA,NA,NA,NA,"F",0.93,3.266,3.266,NA,"0.220183486",3.478,2.981,0.93904542840713,0.697081516269708,0.93904542840713,"4r",1.925,1.237,0.483116883116883,0.419563459983832,0.483116883116883,"3"
"145",NA,"A18027","A18027",2.502,NA,"12.20.18","KH","A18027","anderson","6/27/18",10:10:00,"R",NA,"KH","R","6/27/18",NA,NA,NA,NA,NA,NA,NA,NA,"A18027","KH","4-Dec",5.079,0.627,0.837,3.391,0.278,0.394,0.666,1.742,0.98,"Y",NA,"A18027",03:30:00,"KH 12/3","4-Dec","10:05","10:21","KH",NA,NA,NA,NA,NA,"F",0.627,3.391,3.391,NA,"0.23655914",3.669,2.722,0.924230035431998,0.639970609845702,0.924230035431998,"4r",1.464,1.06,0.42827868852459,0.371698113207547,0.42827868852459,"1_2"
"146",NA,"A18028","A18028",2.382,NA,"12.20.18","KH","A18028","anderson","6/27/18",10:10:00,"R",NA,"KH","R","6/27/18",NA,NA,NA,NA,NA,NA,NA,NA,"A18028","KH","4-Dec",5.406,3.5263,NA,NA,0,1.216,0.953,2.068,0,"Y",NA,"A18028",03:30:00,"KH 12/3","4-Dec","10:29","10:43","KH",NA,NA,NA,NA,NA,"F",3.5263,2.068,3.5263,NA,"0.196261682",NA,2.068,NA,1,1,"5r",NA,2.169,NA,0.560627017058552,0.560627017058552,"4"
